0.58133,0.60001,0.58541,0.55369,0.66806,0.55369,0.69289,0.59368,0.61072,0.58438,0.62391,0.61396,0.54896,0.60639,0.64785,0.55274,0.67295,0.57227,0.57227,0.61837,0.58235,0.65965,0.63403,0.62727,0.60964,0.57326,0.60319,0.67785,0.60639,0.55464,0.60639,0.54612,0.56044,0.55754,0.6118,0.60319,0.60426,0.59895,0.56729,0.54238,0.56531,0.67295,0.57426,0.56829,0.64902,0.67295,0.54054,0.59578,0.58747,0.59473,0.58541,0.6386,0.59368,0.55274,0.58747,0.57526,0.6329,0.60855,0.62615,0.61616,0.56044,0.59895,0.56928,0.56141,0.55464,0.58438,0.5499,0.66564,0.6228,0.55274,0.57426,0.6705,0.58954,0.62503,0.63745,0.63065,0.58336,0.55085,0.59057,0.6705,0.62169,0.57028,0.58438,0.65372,0.57227,0.63065,0.57028,0.5783,0.55369,0.66324,0.60532,0.59895,0.55657,0.56238,0.62503,0.57931,0.5663,0.62727,0.56729,0.66806,0.57426,0.60107,0.59264,0.66564,0.53962,0.62839,0.58954,0.59683,0.58541,0.54707,0.59683,0.61288,0.58541,0.56829,0.57627,0.56729,0.55464,0.57426,0.64902,0.59161,0.58032,0.59789,0.62952,0.56141,0.56729,0.57127,0.62503,0.61506,0.57627,0.58133,0.60639,0.5556,0.57728,0.56729,0.57326,0.60855,0.58438,0.59789,0.59057,0.55754,0.56238,0.59368,0.62727,0.55464,0.55369,0.60747,0.5783,0.56335,0.61072,0.60107,0.55274,0.60855,0.55851,0.61396,0.55085,0.64785,0.54896,0.57931,0.60747,0.59473,0.58541,0.62615,0.58032,0.55085,0.57127,0.60319,0.58541,0.61837,0.61837,0.61616,0.62615,0.63065,0.56531,0.61072,0.54707,0.65726,0.56238,0.6329,0.5663,0.5499,0.63178,0.57526,0.56729,0.58336,0.57326,0.58235,0.58235,0.60964,0.56141,0.62503,0.56335,0.55464,0.62058,0.62503,0.58643,0.6118,0.58954,0.59264,0.58336,0.59057
0.034821,0.030637,0.039622,0.053784,0.044212,0.046324,0.031323,0.19555,0.1815,0.17146,0.046592,0.071354,0.052115,0.060458,0.025099,0.085865,0.031495,0.052764,0.039534,0.093909,0.060856,0.11339,0.025621,0.033582,0.04291,0.03854,0.029712,0.19881,0.049688,0.05391,0.050871,0.078906,0.13499,0.066374,0.039572,0.041161,0.029775,0.039648,0.034837,0.099669,0.047569,0.087146,0.085391,0.040265,0.035049,0.17223,0.17568,0.083317,0.049981,0.057817,0.054345,0.15361,0.058866,0.43146,0.13407,0.063337,0.031532,0.043992,0.029935,0.028198,0.043814,0.059504,0.34926,0.039662,0.082806,0.068164,0.04693,0.10886,0.04648,0.046216,0.20462,0.032645,0.032155,0.039407,0.024594,0.24942,0.072722,0.063116,0.04233,0.032645,0.077583,0.12008,0.032875,0.093703,0.19787,0.2933,0.077569,0.036763,0.16785,0.060975,0.0664,0.0431,0.24015,0.046176,0.05531,0.042385,0.056502,0.049357,0.16772,0.14699,0.033211,0.088018,0.033502,0.065307,0.33535,0.024152,0.052513,0.17042,0.038506,0.050825,0.12738,0.029172,0.06244,0.065743,0.11916,0.22492,0.045368,0.041894,0.1614,0.041294,0.044707,0.076274,0.03733,0.042846,0.059972,0.05825,0.093844,0.061564,0.038788,0.034821,0.11515,0.050791,0.075263,0.10077,0.076937,0.092013,0.035093,0.051129,0.057272,0.06749,0.031301,0.14682,0.027632,0.048548,0.046324,0.049792,0.052353,0.030331,0.080907,0.032959,0.037838,0.063171,0.040446,0.085314,0.051286,0.10378,0.086212,0.091196,0.053375,0.047323,0.04186,0.062943,0.033641,0.052346,0.039446,0.052889,0.048625,0.10451,0.074526,0.044693,0.24042,0.042297,0.093144,0.10419,0.062569,0.076397,0.046176,0.057453,0.032651,0.04905,0.063653,0.063337,0.18013,0.059843,0.060772,0.038238,0.072551,0.044085,0.16683,0.033427,0.043044,0.038,0.039067,0.091194,0.15821,0.050245,0.052513,0.21013,0.049544,0.040075
0.037032,0.037438,-0.027868,0.015594,0.16586,-0.034717,0.0089663,-0.022409,-0.017038,-0.019071,0.01814,-0.034654,-0.0074954,-0.035122,0.043779,-0.039873,-0.025099,0.026687,-0.0049701,0.011155,0.060856,0.016971,-0.0056375,-0.026194,0.024395,0.022519,0.028584,0,-0.014784,0.015633,0.17249,-0.045134,-0.02451,0.0097567,-0.031478,-0.030927,0.055396,0.10162,0.069013,-0.0055294,-0.034807,0.17385,-0.035565,0.023321,-0.029546,0.014881,-0.027677,0.012776,-0.035678,0.037048,0.035178,0.0023011,-0.024397,-0.023126,-0.0051223,-0.036567,-0.026511,0.020967,0.11023,0.044693,-0.017132,-0.035603,-0.021271,0.037542,-0.039177,-0.03637,-0.032682,-0.021289,0.012365,0.039909,-0.012851,0.098187,0.071309,-0.031349,-0.0068011,-0.0067365,0.031699,0.0076597,-0.0311,-0.026151,0.052473,-0.0039761,0.088564,-0.0046995,-0.019529,-0.0078457,0.016157,0.010208,-0.028552,0.065003,0.027579,-0.0073426,-0.01603,-0.033664,-0.035489,-0.02177,-0.037586,0.07201,-0.014559,0.0061035,0.14995,0.0096453,0.16038,-0.030474,-0.033585,0.018285,0.04111,-0.010398,-0.023028,0.033254,-0.021568,-0.007556,0.023148,-0.037785,-0.0040053,-0.018338,-0.025929,-0.028139,-0.018372,0.013715,0.048073,-0.035514,-0.031629,0.039662,-0.03858,0.052641,-0.017556,0.11318,-0.01194,0.032628,-0.020987,-0.039259,-0.036743,-0.026755,-0.036405,0.010921,0.0051571,0.049954,-0.026244,-0.039443,0.071653,-0.0062109,-0.015467,0.006766,-0.034717,-0.034214,-0.035913,0.11204,0.040654,0.15196,-0.024021,-0.035295,-0.0048176,-0.021318,0.014465,-0.027262,0.0009448,-0.035064,-0.035208,0.10326,-0.028836,-0.014347,0.097533,-0.042254,-0.01948,0.22596,-0.023996,0.016802,0.057025,0.030524,-0.0077803,0.10573,-0.034807,-0.021178,0.011439,0.15625,-0.033664,0.18061,0.086245,-0.04131,-0.011192,-0.037489,-0.020227,0.025195,0.046216,-0.021904,-0.037168,0.0054228,-0.027308,0.2153,-0.026495,0.027702,-0.031045,-0.019704,-0.02696,-0.034516,-0.025209,-0.022368,-0.035347,0.086049
-0.017004,-0.0094379,0.005168,0.057029,0.15009,0.0028815,0.13153,0.11991,0.041828,0.054219,-0.034373,0.10094,-0.014854,0.060458,0.022658,0.046216,0.11777,0.042794,-0.028954,0.23825,-0.013064,0.055251,0.010322,0.02293,-0.034372,-0.017657,-0.0084634,-0.0085706,-0.022011,0.057155,-0.030123,0.037237,0.048112,0.082213,0.024509,0.019611,-0.006364,0.013929,0.0039761,0.098519,0.011971,-0.037777,0.067791,-0.019332,0.056713,0.0098803,0.05314,0.11256,0.026493,0.049624,0.04186,0.0034516,-0.0082736,0.16881,0.17834,0.038698,0.024361,-0.03329,0.012454,-0.0021928,-0.0095959,0.052419,0.18515,0.020936,0.045368,0.053068,-0.0009448,0.033635,-0.034299,-0.021337,0.10483,0.091018,-0.012256,0.034623,0.011571,0.04969,-0.0010128,0.082057,0.013682,0.11575,-0.017438,0.27977,-0.013111,-0.018552,0.066336,0.045974,0.015129,-0.014947,0.10596,0.20499,0.075014,-0.027681,0.093626,0.0069045,0.074248,-0.020802,0.026344,0.053073,0.10199,-0.013165,-0.0069663,0.13531,-0.0051756,0.10017,0.078748,0.0033825,0.038855,0.048684,0.0010276,-0.020142,0.032689,0,0.060109,0.038104,0.30209,0.14235,-0.0037979,0.0030219,0.032561,-0.033103,0.022871,0.08369,0.036121,-0.019949,0.030597,-0.0098606,-0.0011162,-0.024484,-0.027313,-0.017004,0.020873,0.014675,0.057885,0.030597,0.05739,0.16595,-0.013111,0.036139,-0.0082276,0.034071,-0.0009681,0.041488,0.011334,-0.017791,0.0038496,0.040374,0.024897,-0.0096604,-0.0096453,-0.00106,-0.020443,0.070541,-0.028002,0.0010964,-0.019448,0.072361,0.056368,0.082736,0.048609,-0.03235,0.0082736,-0.020822,-0.01501,0.016448,-0.022314,-0.027928,-0.014135,0,-0.018354,-0.034821,0.055436,0.042297,0.06872,0.013195,0.026192,-0.034461,0.0078985,-0.033952,-0.0019706,0.0095726,-0.023222,0.039795,0.062227,0.055241,-0.0079474,-0.0010127,0.058555,-0.032353,0.13402,0.017024,-0.0019386,0.025677,0.029611,-0.0022254,0.22862,0.045465,-0.012256,0.11569,0.023034,0.011558
0.021858,0.028382,-0.038339,-0.024974,0.056152,-0.035593,0.020697,-0.046613,-0.044417,-0.04845,0,-0.050613,-0.013946,-0.050791,0.06049,-0.052575,-0.030894,-0.010855,-0.018576,-0.023637,0.031616,-0.01875,-0.012338,-0.036692,0.0087302,0.0060495,0.019611,-0.0085706,-0.032132,-0.02414,0.18134,-0.045961,-0.052703,-0.030613,-0.04351,-0.04275,0.051825,0.054769,0.03803,-0.04801,-0.04195,0.10594,-0.053537,0.0059723,-0.039385,-0.0204,-0.057476,-0.022519,-0.048772,-0.001049,-0.0020468,-0.015797,-0.043778,-0.055055,-0.039457,-0.051017,-0.036072,0.0043264,0.18736,0.044693,-0.02634,-0.049995,-0.050311,0.0019386,-0.051996,-0.052089,-0.03093,-0.032738,-0.0055464,0.022528,-0.047336,0.25526,0.060657,-0.042682,-0.012421,-0.036969,0.0030744,-0.034503,-0.042562,-0.033054,0.029677,-0.041562,0.076466,-0.030917,-0.049789,-0.036969,-0.017541,-0.0040346,-0.056008,0.013383,-0.0095468,-0.023688,-0.052243,-0.039902,-0.049765,-0.035998,-0.047329,0.024105,-0.046571,-0.02371,0.11483,-0.024802,0.20257,-0.040613,-0.055762,0.015959,0.0031054,-0.035422,-0.03456,0.020227,-0.047875,-0.017103,-0.013141,-0.05107,-0.040338,-0.049199,-0.030397,-0.038329,-0.033962,-0.0010352,0.011288,-0.051769,-0.042052,0.020936,-0.050076,0.022409,-0.041669,0.085509,-0.025424,0.016558,-0.046919,-0.042739,-0.053036,-0.051828,-0.052535,-0.024172,-0.0081118,0.011744,-0.044452,-0.049799,0.041878,-0.033237,-0.024074,-0.0066322,-0.035593,-0.047998,-0.047792,0.085672,0.015429,0.23126,-0.029375,-0.051016,-0.016123,-0.043685,0.0009448,-0.041453,-0.039512,-0.053277,-0.048967,0.091843,-0.040228,-0.034537,0.082919,-0.041401,-0.031653,0.16694,-0.040228,-0.0054854,0.033005,0.014494,-0.037642,0.044743,-0.054161,-0.045406,-0.026344,0.16716,-0.039902,0.17292,0.056502,-0.037898,-0.031764,-0.051017,-0.050952,-0.012088,0.01628,-0.032445,-0.052737,-0.010684,-0.054524,0.13506,-0.033739,-0.0085218,-0.042289,-0.042682,-0.050502,-0.047469,-0.043417,-0.047466,-0.047428,0.045734
0.22297,0.18624,0.035178,0.0067538,0.028647,0.023595,0.18717,-0.01032,-0.0010816,-0.0030481,0.20051,0,0.053175,0.0043242,0.089902,-0.0084915,0.044602,0.0080563,0.10313,-0.002211,0.022978,0.0071998,0.11618,0.042017,0.26195,0.12345,0.24037,0.012503,0.056847,0.005798,0.056847,-0.0037396,-0.0038723,-0.0009681,0.025651,0.026329,0.11729,0.029442,0.042341,-0.012773,0.018048,0.084309,-0.0069663,0.11329,0.031318,0.017412,-0.010036,-0.002098,0.012543,0.0074034,0.0082736,0,0.030233,-0.017726,-0.006135,0.0030319,0.043719,0.2905,0.055436,0.11886,0.04703,0.005304,-0.014639,0.023996,-0.0066322,0.0010242,0.028394,0.0024209,0.16197,0.10098,-0.0079603,0.052375,0.12801,0.026342,0.11558,0.0011275,0.0092851,-0.0009448,0.026682,0.039142,0.015756,-0.0078985,0.12135,0.034106,-0.0059641,0.0011275,0.001988,0.10702,-0.016835,0.014614,0.002148,0.086364,-0.010448,0.020981,0.0067478,0.057,0.0069581,0.014786,-0.013606,0.031214,0.066641,-0.0031801,0.069399,0.0073037,-0.020647,0.19603,0.010473,-0.0083279,0.044115,0.084709,0.0021201,0.095456,0.0030978,0,-0.0079814,-0.014559,0.034895,0.032132,-0.0035055,0.19317,0.017571,-0.0021142,0.02656,0.12642,0.0029821,0.023458,0.017024,0.03162,0.084578,0.19171,0.0054058,0.011693,-0.0030219,0.0019881,-0.003976,-0.002161,0.10219,0.011744,0.03001,-0.0009681,0.051584,-0.0082736,0.075883,0.070384,0.022582,0.013112,0.011243,0.075252,0.010976,0.062168,0.064521,0.0021632,0.097575,0.016687,0.073066,-0.0023306,-0.0074954,-0.0070435,0.0086824,0.079438,0.030749,0.041917,0.12541,0.0095959,0.066179,0.045829,0.042988,0.0033278,0.016802,0.20045,-0.0011178,0.020722,-0.0087415,0.0087579,0.0047239,0.047176,0.020981,0.054923,0.054284,0.01541,0.047319,0.0020192,-0.0058845,0.0041095,0.019386,0.047175,-0.0020254,0.13501,-0.015288,0.039407,0.034543,0.021626,0.027262,0.015873,-0.012173,0.013229,0.034373,-0.011311,0.013473,0.028901
-0.065867,-0.065002,-0.013141,-0.055181,-0.053004,-0.013149,-0.022388,-0.0062109,0.014311,0.01775,-0.036443,0.14188,-0.052103,0.12862,-0.060377,0.1517,0.0049085,-0.061114,-0.038162,-0.042096,-0.066003,-0.022202,-0.043457,-0.011111,-0.046287,-0.061255,-0.061731,-0.014614,0.0054058,-0.05531,-0.063083,0.071134,0.04169,-0.048946,0.0087855,0.0064436,-0.066481,-0.069343,-0.071268,-0.030379,0.0089496,-0.030894,0.14595,-0.063109,0.010631,0.011124,0.05314,-0.046821,0.038677,-0.060626,-0.062045,-0.040709,0.058866,0.015553,-0.027995,0.089172,-0.013428,-0.043243,-0.066672,-0.064364,-0.038842,0.1042,-0.0039714,-0.066211,0.14463,0.152,-0.022081,0.010981,-0.033264,-0.069672,-0.010912,-0.054349,-0.069691,0.013572,-0.044805,-0.0045025,-0.06176,-0.049031,0.0031056,0.011078,-0.058345,-0.028816,-0.071519,0.10212,0.012117,-0.0011275,-0.057414,-0.056696,0.046324,-0.047085,-0.055423,-0.020656,0,-0.0019361,0.11409,-0.0040446,0.047661,-0.060966,-0.02305,0.13471,-0.0741,-0.04547,-0.071921,0.11031,0.093286,-0.058117,-0.062614,-0.034454,-0.023996,-0.068705,0.041769,-0.042604,-0.056691,0.094951,-0.031092,-0.012651,-0.026824,-0.013819,-0.012713,-0.046431,-0.067458,0.13986,0.012531,-0.067038,0.065609,-0.066944,0.19157,-0.062323,-0.027313,-0.064991,0.059249,0.015669,0.31308,0.078221,0.37273,-0.043243,-0.053878,-0.063789,0.056105,0.07877,-0.072879,-0.038078,-0.033586,-0.058618,-0.010378,0.049792,0.04007,-0.075462,-0.058926,-0.070568,-0.022232,0.19118,-0.043039,0.24265,-0.06296,0.01659,-0.042924,0.098546,0.075353,-0.06333,-0.0060978,0.034702,-0.071729,0.017442,-0.013733,-0.064496,0.022066,-0.051071,-0.05986,-0.045878,-0.006671,-0.063354,0.13397,0.087273,-0.055149,-0.046547,-0.0009681,-0.055621,-0.073567,0,0.027876,0.095241,0.018111,-0.058223,-0.066373,-0.027702,0.29772,-0.033366,0.031234,-0.06749,-0.021887,-0.064339,0.010064,0.19469,0.008295,0.057485,0.038855,-0.0092851,0.030603,-0.06985
0.08917,0.06684,0.042988,0.11316,0.052145,0.073578,0.0038176,0.044921,0.10816,0.087343,0.15644,0.026939,0.13636,0.027638,0.037469,0.047276,0.0036771,0.15598,0.11305,0.27373,0.10297,0.12957,0.028013,0.02293,0.15332,0.091177,0.060048,0.021422,0.094174,0.11464,0.17986,0.05283,0.071334,0.11541,0.026802,0.030839,0.071135,0.14293,0.17597,0.066171,0.051945,0.07727,0.039701,0.10344,0.011827,0.11331,0.057352,0.18018,0.035334,0.38947,0.23275,0.046715,0.079266,0.052589,0.11827,0.039795,0.019642,0.14447,0.066746,0.056791,0.08161,0.030569,0.051302,0.13402,0.047488,0.036203,0.087548,0.01594,0.14445,0.22322,0.093802,0.03523,0.093287,0.021651,0.02579,0.16607,0.087145,0.10642,0.03782,0.0036621,0.087952,0.10635,0.10851,0.2062,0.082633,0.16157,0.076402,0.075425,0.048444,0.077258,0.33509,0.10032,0.079738,0.057097,0.020487,0.083931,0.045498,0.11323,0.057734,0.16427,0.25016,0.18223,0.1118,0.0085244,0.046816,0.039669,0.36394,0.054539,0.04637,0.3915,0.088484,0.037315,0.18909,0.042429,0.11156,0.05329,0.081664,0.050767,0.02637,0.13127,0.23783,0.032757,0.0195,0.13916,0.043423,0.095581,0.10863,0.11996,0.099121,0.085518,0.092883,0.05836,0.038872,0.070155,0.039622,0.20805,0.064639,0.21253,0.077489,0.047787,0.14596,0.057691,0.026454,0.12818,0.07134,0.027696,0.04007,0.17031,0.085993,0.098205,0.11533,0.027754,0.14206,0.094374,0.1667,0.020217,0.0683,0.039058,0.027696,0.26189,0.04186,0.10887,0.12154,0.062034,0.090773,0.15265,0.07903,0.06695,0.092594,0.17158,0.15274,0.094902,0.043243,0.095017,0.071299,0.085999,0.057097,0.14014,0.18112,0.071792,0.11985,0.039795,0.078221,0.18677,0.092383,0.04943,0.037129,0.12267,0.048225,0.078121,0.065045,0.111,0.023769,0.10728,0.043088,0.025651,0.077313,0.044805,0.038334,0.18101
0.10902,0.070492,0.20531,0.044204,-0.032895,0.33323,-0.042696,0.36358,-0.0085852,0.0051571,0.003354,0.14188,0.16463,0.17838,0.0011749,0.13009,-0.0073037,0.03306,0.04721,-0.0076486,0.10422,-0.03574,0.038914,0.069444,0.018758,0.13639,0.069753,-0.017006,0.0054058,0.043248,0.042628,0.13422,0.020892,0.034071,0.12051,0.14843,0.056592,0.030569,0.067874,0.12934,0.22242,-0.029743,0.14862,0.14793,0.033805,-0.045679,0.040794,0.0074144,0.33467,0.01707,0.025311,0.041738,0.0084524,0.11412,0.0062109,0.17355,0.058721,0.018712,0.017056,0.042301,0.20969,0.23977,0.13905,0.058065,0.13193,0.19892,0.26206,0.0073037,0.0033432,0.18638,0.011145,-0.029603,0.077313,0.084618,0.034275,-0.019931,0.13023,0.038693,0.20765,-0.0036526,0.048811,0.016157,0.08247,-0.032027,0.012117,-0.019931,0.22494,0.13398,0.1156,-0.033719,0.0053928,0.016107,0.020713,0.24651,0.099186,0.028164,0.17282,-0.0022378,0.14893,-0.041917,0.075935,0.0031839,0.056377,0.0097494,0.11765,0.03365,0.023341,0.18647,0.18184,0.19343,-0.0010541,0.076209,0.019918,0.15593,0.012234,0.13974,0.24813,0.2923,0.035049,0.032303,0.036936,0.35936,0.073628,0.15746,0.16365,0.12416,-0.015393,0.044593,0.038788,0.11156,-0.0053211,0.19182,0.16184,0.018111,0.15229,-0.002161,0.12658,0.019365,0.010498,0.1469,0.083137,0.19406,0.058049,0.1736,0.29964,0.15405,0.21542,0.098695,0.070865,0.044443,0.07341,0.17033,0.069888,-0.0086376,0.17203,0.041244,0.16069,0.15981,0.16122,0.048474,0.22348,-0.012184,0.088962,0.18146,0.039446,0.051706,0.01885,0.070724,0.052138,0.014494,-0.017592,-0.0011275,0.13397,-0.0075252,0.27735,-0.0094183,0.24498,0.013775,0.079215,0.22314,-0.01452,0.17216,0.015052,0.021965,0.12989,0.1849,0.17775,0.013167,0.12142,0.012421,0.30155,0.062612,0.094319,-0.015393,0.18807,0.13562,0.012593,0.28742,0.27821,0.036692
0.0014339,-0.0024881,0.0063742,-0.016692,-0.0080707,0.020002,-0.006066,0.0025359,-0.012744,-0.016064,-0.011532,0.0014316,0.021792,0.0027318,-0.0063218,0.017162,-0.0043842,-0.014152,-0.021387,-0.011987,-0.0039203,-0.0091187,-0.0033623,-0.0011155,-0.012309,0.0051176,-0.0024469,-0.0041793,-0.015667,-0.016634,-0.0082907,0.021605,-0.02158,-0.017558,0.001469,0.002806,-0.0041189,-0.0093482,-0.0087987,0.0093365,0.013619,-0.0070144,0.0092696,0.0071515,-0.0027172,-0.0079361,-0.024449,-0.013784,0.0066671,-0.012389,-0.012859,-0.0030343,-0.018374,0.0075783,-0.015084,0.0097726,-0.0016956,-0.012669,-0.0071603,-0.0047498,0.014903,0.0040087,0.0051109,-0.012366,0.016444,0.0070416,0.022422,-0.0035605,-0.01191,0.014589,-0.015857,-0.0073428,-0.0026478,-0.00031422,-0.0035468,-0.0097603,-0.0017759,-0.018365,0.0053598,-0.0041933,-0.0047184,-0.017345,-0.0024015,-0.010204,-0.017007,-0.0093247,0.0010951,0.0045461,0.011616,-0.0087403,-0.012376,-0.016121,-0.017658,0.015185,0.00015429,-0.021375,0.013057,-0.0098713,0.0056003,-0.008519,-0.0055505,-0.013494,-0.0056782,-0.003448,0.013328,-0.0044146,-0.012303,0.00096996,0.0058672,0.019478,-0.015757,-0.0010984,-0.013863,0.012085,-0.016608,0.0058551,0.018768,0.0098083,-0.0026152,-0.015247,-0.011714,0.0039735,-0.00085418,0.0086393,0.012799,-0.0031212,-0.013042,-0.0062304,-0.021138,0.0017599,-0.014873,0.01864,0.0087732,-0.022063,0.0098159,-0.012785,0.00333,-0.011467,-0.01908,0.016193,-0.0076304,0.0010264,-0.0020271,0.016331,0.019908,0.0024495,0.0091386,-0.0044868,-0.0037494,-0.0064756,-0.031572,0.0024017,-0.026395,-0.01463,0.01843,-0.0023438,0.0065723,0.0075968,0.0025397,-0.010057,0.0065032,-0.013197,-0.001804,0.02142,-0.023305,-0.0074471,-0.020063,-0.0028594,-0.0047972,-0.01144,-0.010196,-0.0092276,0.011363,-0.014585,0.0042679,-0.0066893,0.015011,-0.0076399,-0.0071674,0.022627,-0.012442,0.0097932,-0.018385,-0.013856,-0.0025795,0.0065397,0.0075821,-0.013589,0.0094234,-0.0079639,0.013929,-0.013724,0.00017019,-0.013197,0.0043288,0.0017345,-0.019403,0.0026571,0.0076251,-0.009605
-0.056718,-0.039102,-0.081177,0.014244,0.0025981,-0.15013,-0.0010735,-0.03175,0.046222,0.067042,0.044125,-0.038614,-0.13169,-0.049685,-0.011059,-0.13961,-0.010439,0.0057265,0.103,0.019769,0.027173,0.015984,-0.026785,-0.035548,0.051582,-0.071979,-0.038848,0.0043369,0.066094,0.014301,0.030057,-0.17418,0.10469,0.025772,-0.049491,-0.058078,-0.03097,-0.010393,-0.022149,-0.041247,-0.11924,0.013842,-0.085167,-0.078391,-0.02169,0.017017,0.14554,0.020702,-0.078037,0.0052665,0.0036028,0.0033229,0.080562,-0.08236,0.041347,-0.093241,-0.031859,0.053432,-0.012086,-0.025803,-0.11829,-0.058246,-0.052142,-0.0097429,-0.13439,-0.075129,-0.15768,-0.0034606,0.04625,-0.092166,0.062499,-0.00076707,-0.038569,-0.037529,-0.025266,0.030428,0.016983,0.027676,-0.073831,-0.011336,0.016497,0.04888,-0.039044,0.030558,0.077423,0.031083,0.0074347,-0.071681,-0.098555,0.0071292,0.011015,0.071527,0.086487,-0.12714,-0.034451,0.10242,-0.11477,0.0015545,-0.038084,0.022347,-0.027623,0.02208,-0.023632,-0.0091052,-0.14464,-0.024617,0.0018162,-0.013348,-0.079109,-0.10398,0.062024,-0.042222,0.011375,-0.1069,0.044785,-0.047588,-0.13846,-0.099306,-0.0046567,0.070235,-0.0057725,-0.053541,-0.034234,-0.078893,-0.11251,0.029105,0.04599,0.022899,0.1017,-0.058346,0.056309,-0.14738,-0.084115,0.10373,-0.090222,0.021151,-0.066959,5.029e-05,0.085309,-0.1331,-0.027887,-0.010901,-0.033628,-0.10966,-0.14999,-0.051713,-0.092331,-0.034741,0.01531,-0.019538,0.15257,-0.046583,0.12365,0.055253,-0.1104,-0.010554,-0.018754,-0.07347,-0.050653,0.043042,-0.081174,0.04893,-0.040804,-0.16457,0.11339,0.026285,0.09276,0.0077906,0.01782,0.04567,0.032061,-0.0013601,-0.09789,0.054695,0.005251,0.014949,-0.12633,0.021571,-0.027368,-0.16864,0.044598,-0.093271,0.085827,0.0098842,0.026085,-0.082921,-0.076993,0.057422,-0.0807,-0.0078786,-0.11889,-0.0066364,-0.041157,0.04687,-0.044824,-0.046858,0.087752,-0.032033,-0.084311,-0.011992
-0.0083418,-0.0087582,-0.010087,0.0025936,-0.0053725,-0.0074514,-0.0057159,-0.0080866,-0.0039799,-0.0025066,-0.0047573,-0.0080854,-0.0074115,-0.0089486,-0.0075163,-0.0074408,-0.006431,-0.0017528,-0.00079975,-0.0038244,-0.0079223,-0.0054602,-0.0086455,-0.0089375,-0.0042336,-0.0085262,-0.0089608,-0.0070288,-0.0033808,0.0023421,-0.005678,-0.0051654,-0.00055433,0.0012069,-0.0094421,-0.0097438,-0.0084027,-0.0060642,-0.0014786,-0.0134,-0.009122,-0.0064356,-0.0091613,-0.0080469,-0.0077654,-0.0057844,0.0010438,-0.0037663,-0.0098264,-0.0046301,-0.0037966,-0.0075493,-0.0025734,-0.0086698,-0.002563,-0.0094869,-0.008732,-0.0040967,-0.0075549,-0.0084749,-0.0087796,-0.0092586,-0.0081523,0.00070062,-0.0077722,-0.0094175,-0.0069698,-0.0071273,-0.0046251,-0.005255,-0.0016587,-0.006077,-0.0078669,-0.0088643,-0.0085365,-0.0047933,-0.0086899,0.0031818,-0.010022,-0.0065101,-0.0071383,-0.0010477,-0.0072684,-0.0054175,-0.0015541,-0.0047978,-0.010401,-0.0091661,-0.0088187,-0.0048002,-0.0047619,-0.0029583,0.00018339,-0.0087723,-0.0082215,-0.0012567,-0.0090838,-0.0060827,-0.0096557,-0.0057573,-0.0040983,-0.0038036,-0.006993,-0.0066479,-0.0072222,-0.0085307,-0.0043642,-0.0086571,-0.010095,-0.0049699,-0.0032021,-0.009451,-0.0034716,-0.0091489,-0.0014579,-0.0089198,-0.0080299,-0.0098356,-0.0074313,-0.0028953,-0.0034214,-0.0087354,-0.0086941,-0.0066611,-0.0090827,-0.0089664,-0.0044744,-0.0065519,-0.0010308,-0.0085177,-0.0036741,-0.0075136,-0.0093075,-0.0010915,-0.0092469,-0.003935,-0.0095229,-0.0051493,-0.0023272,-0.0080465,-3.7176e-08,-0.0088234,-0.0089881,-0.0074982,-0.0074508,-0.0092855,-0.00973,-0.0011067,-0.0074734,-0.0073597,0.00075759,-0.0087195,0.00043254,-0.0039421,-0.0066696,-0.0072135,-0.013609,-0.0090107,-0.0091371,-0.0048975,-0.010073,-0.0044422,-0.006786,-0.0063038,-0.00061283,-0.006028,-0.0018838,-0.0077224,-0.0071094,-0.004645,-0.0046372,-0.0064426,-0.008973,-0.0038602,-0.01511,-0.0065603,-0.0088121,-0.006146,-0.0015588,-0.0061669,-0.004709,-0.0094701,-0.0011023,-0.0033092,-0.0090554,-0.010052,-0.0093281,-0.003868,-0.0086498,-0.0072081,-0.00914,0.0032711,-0.0090859,-0.0044316,-0.0071414,-0.0090756,-0.0021763,-0.0081875,-0.009861,-0.0053206
-0.017554,-0.015417,-0.028306,0.011341,-0.0080233,-0.035609,-0.0101,-0.02627,-0.00025921,0.0056624,-0.0043226,-0.023661,-0.028874,-0.025586,-0.010709,-0.04279,-0.013782,0.0021023,0.0040917,-0.0040488,-0.013973,-0.0065971,-0.016091,-0.019704,-0.0036393,-0.020869,-0.01601,-0.011324,-6.3338e-05,0.010879,-0.005955,-0.043993,0.01509,0.010724,-0.023465,-0.025141,-0.013226,-0.0070051,-0.0016656,-0.044991,-0.034643,-0.0069883,-0.035057,-0.021252,-0.016972,-0.0068299,0.029527,-0.0013645,-0.030083,-0.0036157,-0.0019987,-0.014164,0.0034519,-0.043244,0.0027741,-0.034135,-0.018801,-0.0032843,-0.0083441,-0.013082,-0.030584,-0.027297,-0.034598,0.0038847,-0.041803,-0.031497,-0.034913,-0.013936,-0.0039723,-0.018942,0.0081173,-0.0068789,-0.013194,-0.02091,-0.015778,-0.0036805,-0.017535,0.014882,-0.027953,-0.014139,-0.01136,0.0079171,-0.01219,-0.0052229,0.0095931,-0.0036125,-0.024056,-0.022142,-0.043312,-0.0076537,-0.0040059,0.00015672,0.016314,-0.034771,-0.021636,0.0055251,-0.036056,-0.0073328,-0.033607,-0.0063123,-0.0060898,-0.0018328,-0.0081512,-0.014884,-0.051848,-0.014187,-0.0032494,-0.022629,-0.027373,-0.019893,0.002852,-0.019242,-0.0006976,-0.036494,0.0058974,-0.034824,-0.033353,-0.030952,-0.015354,-0.0010587,-0.0023104,-0.027601,-0.02008,-0.019018,-0.03648,-0.016591,-0.0020965,-0.008807,0.0044428,-0.018235,0.00097697,-0.037784,-0.033925,0.012246,-0.035175,-0.0029383,-0.022122,-0.004909,0.0042448,-0.039745,-0.00048305,-0.022687,-0.0182,-0.025785,-0.035762,-0.025015,-0.03252,-0.0033807,-0.013144,-0.0078633,0.01139,-0.025115,0.0064595,-0.00030811,-0.024161,-0.016544,-0.038287,-0.033177,-0.025181,-0.0054888,-0.028731,-0.0024793,-0.011748,-0.039207,0.0067166,-0.0068758,0.0047791,-0.014707,-0.011259,-0.0043931,-0.0031547,-0.0078864,-0.038155,0.00018739,-0.034913,-0.0069294,-0.034754,-0.0062992,-0.0026792,-0.037993,-0.0032848,-0.034181,0.011753,-0.00046334,-0.017217,-0.02763,-0.032352,-0.0023766,-0.039458,-0.0081672,-0.032437,0.0086407,-0.021631,-0.001944,-0.029501,-0.024002,0.004365,-0.026673,-0.030913,-0.0059991
0.020396,0.017839,0.040067,-0.012157,0.011805,0.057275,0.012661,0.045366,-0.0048972,-0.017034,0.0058066,0.037423,0.04777,0.039584,0.014872,0.075631,0.01962,-0.0036961,-0.0073715,0.001593,0.024737,0.0079322,0.019726,0.027227,0.0048866,0.027886,0.016905,0.019238,-0.0012581,-0.012032,0.01448,0.078307,-0.036722,-0.017151,0.033633,0.036076,0.017443,0.0095493,0.0099605,0.070152,0.053881,0.012736,0.058508,0.030023,0.024319,0.0089142,-0.067946,-0.003435,0.045451,0.001853,0.00036327,0.025704,-0.0087587,0.076232,-0.011709,0.054558,0.025922,0.0042013,0.014129,0.01679,0.045471,0.04226,0.060265,0.0022794,0.073098,0.050122,0.056768,0.022947,0.0054816,0.036066,-0.022255,0.013079,0.018481,0.030042,0.019411,0.0017831,0.031063,-0.020387,0.040288,0.020289,0.022697,-0.020735,0.018642,0.0064652,-0.025331,0.0017114,0.039047,0.028856,0.07693,0.010235,0.0016972,-0.00079886,-0.038859,0.054169,0.033035,-0.010671,0.05808,0.0086644,0.058095,0.0082646,0.015051,-0.0027424,0.015543,0.023315,0.095998,0.015801,0.0021151,0.040335,0.037903,0.0411,-0.010662,0.024038,-0.0028737,0.059895,-0.017183,0.060535,0.052025,0.044936,0.026156,0.0015019,0.0034566,0.044271,0.028842,0.029918,0.059292,0.025486,0.0002606,0.019142,-0.0079674,0.021772,-0.0065389,0.062205,0.055406,-0.029804,0.058133,-0.00067592,0.02829,0.0045101,-0.01019,0.067525,0.012602,0.040616,0.023617,0.041187,0.057718,0.037394,0.050157,0.016942,0.0257,0.01474,-0.022701,0.039202,-0.013268,-0.0030529,0.041862,0.027222,0.057243,0.055181,0.03829,0.010835,0.041158,0.0021409,0.019014,0.066304,-0.012573,0.016525,-0.010226,0.027741,0.022656,0.0063792,0.0006245,0.010237,0.065009,-0.004638,0.042782,0.015308,0.054091,0.014709,0.012873,0.063425,0.0035984,0.054858,-0.029804,-0.0027835,0.027322,0.038214,0.052329,0.0033709,0.069072,0.012796,0.048469,-0.00027588,0.030961,-1.7991e-05,0.050674,0.035952,-0.0099931,0.046142,0.046805,0.0086895
0.034443,0.021649,0.019728,0.017949,-0.0016923,0.032635,-0.0019014,-0.0013827,-0.012446,-0.016883,-0.020729,0.0030311,0.052774,0.0055066,0.0043902,0.016065,0.00011276,0.013889,-0.04194,-0.0044274,-0.032073,-0.0059038,0.007945,0.0074318,-0.025966,0.039117,0.019611,-0.0059827,-0.021975,0.01734,-0.026596,0.023904,-0.024747,0.0071611,0.009491,0.011666,0.018882,0.01423,0.037017,-0.010638,0.023307,-0.01025,0.0089984,0.044343,0.0027677,-0.0066269,-0.034483,-0.001866,0.013139,0.0061857,0.0099913,-0.0088632,-0.021065,0.0082764,-0.0093957,0.012731,0.0065046,-0.026016,0.0084547,0.01368,0.03838,0.0072451,0.0015545,0.031797,0.015685,0.0085343,0.037038,-0.0037725,-0.020908,0.065256,-0.015477,-0.00049808,0.028006,0.0064416,0.0073104,-0.0090553,-0.02585,0.010033,0.015591,0.00023965,-0.016608,-0.010019,0.031923,-0.0095219,-0.019337,-0.0092224,-0.025754,0.033811,0.011733,-0.0030476,0.001207,-0.026942,-0.021856,0.026574,0.0033454,-0.031968,0.018111,0.0023177,-0.0039019,-0.0071299,0.03721,-0.0032214,0.023809,-0.0014392,0.019247,0.01002,0.0096275,-0.0078506,0.021426,0.070746,-0.015552,0.01387,0.0054687,0.014245,-0.0091654,-0.00036389,0.036721,0.024105,-0.0047476,-0.033555,0.018142,0.0050258,0.0057266,0.053014,0.016501,-0.038459,-0.010555,-0.0211,-0.037431,0.034074,-0.014214,0.025993,0.0074363,-0.022809,0.0074997,-0.0039194,0.029011,0.0084038,-0.022089,0.01831,0.046117,-0.0094356,0.0090318,0.053459,0.031958,0.0078222,0.015429,0.050958,-0.017864,0.018279,-0.047538,0.0043552,-0.051905,-0.011283,0.060341,-0.0025696,-0.020588,0.0077194,0.0067744,-0.033011,0.018565,-0.015618,0.035596,0.027643,-0.036787,-0.027105,-0.026409,-0.013166,-0.017793,-0.023586,-0.0093105,0.0032709,0.010699,-0.013496,-0.039563,-0.012274,0.026277,-0.017892,0.04199,0.031168,-0.014935,0.012469,-0.021287,0.0069432,-0.035729,0.023441,0.0068741,-0.024803,0.0084078,0.0076246,0.030712,0.035627,0.0074932,-0.010628,0.0016579,0.0066511,-0.023825,-0.0015664,0.014807,0.017934
0.023087,0.021146,-0.0061682,0.068767,0.013782,-0.01692,0.0051138,-0.035815,0.026796,0.039979,-0.002268,-0.018461,0.0043144,-0.017902,0.01417,-0.049673,0.00070177,0.050778,-0.0024936,0.022936,-0.036853,0.014083,0.0078986,-0.00092097,-0.0059831,0.019171,0.018948,-0.0059296,0.0080638,0.067951,-0.016434,-0.04873,0.054448,0.066206,-0.0068673,-0.0079374,0.023023,0.032946,0.046539,-0.078946,-0.019519,-0.0023539,-0.038062,0.019444,-0.002012,0.010353,0.076375,0.035603,-0.017998,0.028002,0.037968,-0.016842,0.018189,-0.065874,0.04228,-0.02908,-0.00020503,-0.0051642,0.021755,0.019563,-0.0001493,-0.019469,-0.052864,0.057616,-0.047238,-0.027424,-0.01374,-0.0082473,-0.0014886,0.01996,0.050667,0.012213,0.02726,-0.00537,0.0076889,0.019468,-0.040159,0.07325,-0.0096992,7.4986e-05,-0.019755,0.055038,0.029572,0.0075733,0.049013,0.019394,-0.051928,0.015574,-0.061482,0.014974,0.026142,0.0026852,0.064789,-0.017414,-0.012197,0.010074,-0.028567,0.024382,-0.056086,0.007872,0.034473,0.033165,0.031282,-0.0061204,-0.075707,0.014229,0.030606,-0.035795,-0.0023988,0.014698,0.0309,0.0080472,0.0409,-0.033807,0.050742,-0.05565,-0.0084633,-0.008608,-0.013368,-0.0067411,0.039422,-0.024887,-0.0045023,0.022719,-0.031242,-0.044447,0.015776,-0.018631,0.0019086,0.022037,0.02547,-0.027087,-0.033423,0.045,-0.036,0.028553,0.013501,0.03246,0.018917,-0.0391,0.050718,-0.037761,0.0046416,0.011736,-0.017844,-0.013045,-0.021646,0.044241,-0.024938,0.029011,0.00806,-0.018395,-0.0039385,0.018663,0.013632,-0.012434,-0.072325,-0.03657,-0.015111,-0.015648,-0.008353,0.0093581,0.030709,-0.03098,0.0076022,-0.01991,0.014958,-0.023609,-0.020697,-0.0055709,0.021425,0.02321,-0.044418,0.02234,-0.071664,-0.006724,-0.017513,-0.010284,0.044766,-0.02524,0.0078703,-0.029555,0.052217,0.042104,-0.044529,-0.0013643,-0.030651,-0.0014832,-0.055842,0.023557,-0.0081318,0.066198,-0.0054534,0.01599,-0.039529,-0.012475,0.017077,-0.037147,-0.018089,0.035209
-0.0084933,-0.010326,0.022213,-0.090416,-0.016665,0.037728,-0.0040427,0.030907,-0.047925,-0.068616,-0.0087556,0.025824,0.022986,0.026204,-0.011089,0.077955,0.0037568,-0.069857,-0.023289,-0.042587,0.035438,-0.023653,0.00052705,0.01114,-0.0056813,-0.0012009,-0.0079253,0.007056,-0.027936,-0.089647,0.013295,0.084303,-0.094098,-0.091259,0.018649,0.020647,-0.014832,-0.038373,-0.055428,0.089774,0.039486,-0.0010128,0.0529,-0.00071532,0.0092502,-0.018632,-0.12692,-0.056521,0.026347,-0.051356,-0.057718,0.018961,-0.044105,0.084309,-0.066888,0.044847,0.0096948,-0.0073778,-0.019751,-0.012349,0.024202,0.026916,0.061653,-0.070646,0.074322,0.038184,0.039964,0.011486,-0.0104,-0.0037521,-0.081014,-0.012837,-0.017862,0.015481,0.0003473,-0.036466,0.038773,-0.099459,0.023458,0.004667,0.019717,-0.083646,-0.020916,-0.019923,-0.081806,-0.036364,0.045356,0.0026951,0.082631,-0.020462,-0.047632,-0.02243,-0.10285,0.038145,0.020669,-0.039131,0.049081,-0.031032,0.061604,-0.017519,-0.040061,-0.053754,-0.02775,0.010553,0.10552,-0.0067794,-0.053466,0.035311,0.019519,-8.5024e-05,-0.05611,0.004104,-0.061355,0.053221,-0.077922,0.063543,0.033193,0.024789,0.016897,-0.0097411,-0.056859,0.026456,0.014108,-0.0055416,0.051521,0.042156,-0.0335,0.017209,-0.028694,-0.0068756,-0.048007,0.053399,0.047464,-0.082445,0.051788,-0.048512,0.0039693,-0.046777,-0.046094,0.064747,-0.055827,0.036377,0.0054605,0.011549,0.039928,0.023424,0.036129,-0.045938,0.025277,-0.026076,-0.046787,0.02631,-0.025263,-0.039115,0.008394,0.017074,0.074516,0.048205,0.024693,0.011753,0.02338,-0.025647,-0.022315,0.061176,-0.038599,0.017499,-0.042837,0.024927,0.020511,-0.00451,-0.039153,-0.027478,0.063081,-0.04371,0.05982,0.0043743,0.038145,0.0070689,-0.051015,0.053675,-0.022667,0.045306,-0.087465,-0.062378,0.042176,0.019333,0.042474,-0.013372,0.072265,-0.023676,0.027528,-0.079841,0.016178,-0.033948,0.043566,0.022504,-0.044412,0.034581,0.029287,-0.043616
-0.026399,-0.023176,-0.003219,-0.052833,-0.01539,0.015554,-0.012128,0.0079044,-0.024988,-0.031634,-0.01055,0.00048815,-0.0094454,0.00095721,-0.017271,0.030151,-0.010258,-0.0443,-0.013783,-0.026412,0.010932,-0.017686,-0.014306,-0.0091323,-0.0084447,-0.023994,-0.021591,-0.0062827,-0.018444,-0.052386,-0.00039918,0.040183,-0.040328,-0.048935,-0.0051259,-0.0039584,-0.023937,-0.030555,-0.046825,0.026577,0.010816,-0.0078046,0.014713,-0.025096,-0.0088144,-0.014791,-0.048317,-0.033055,0.003726,-0.033981,-0.03803,-0.0015523,-0.025113,0.019712,-0.033536,0.011782,-0.0096386,-0.0091456,-0.021192,-0.021234,-0.0044896,0.0024892,0.014526,-0.05154,0.028041,0.0083853,0.014702,-0.0056041,-0.011217,-0.032587,-0.034908,-0.01522,-0.028009,-0.0065475,-0.014174,-0.020462,0.011683,-0.052194,-0.0016239,-0.0099429,0.00012832,-0.039394,-0.030222,-0.01563,-0.034844,-0.019907,0.017565,-0.02038,0.024044,-0.017348,-0.030642,-0.0156,-0.038763,0.010947,-0.0029877,-0.02297,0.015276,-0.023727,0.016978,-0.01436,-0.038103,-0.031439,-0.028551,-0.0067456,0.03093,-0.017975,-0.036121,0.0075379,-0.0059404,-0.031854,-0.028492,-0.014404,-0.037868,0.016456,-0.037747,0.016411,0.0060188,0.00038125,-0.0030977,-0.0087779,-0.040603,0.0048345,-0.0071683,-0.030191,0.01623,0.016126,-0.020786,-3.3207e-05,-0.01731,-0.025524,-0.025882,0.021857,0.012499,-0.038255,0.014582,-0.028986,-0.018379,-0.032802,-0.025981,0.024482,-0.050451,0.008583,-0.012396,-0.018847,0.01625,-0.0014928,0.0076699,-0.04672,0.0028489,-0.026262,-0.028397,0.00099776,-0.013079,-0.02296,-0.022879,-0.0035741,0.025751,0.012432,-0.00044371,0.00045409,-0.0017598,-0.01783,-0.031826,0.029089,-0.022595,0.0012752,-0.024759,0.0018358,0.00069391,-0.0083453,-0.021493,-0.022176,0.019345,-0.02448,0.029764,-0.0060145,0.010849,-0.0042554,-0.046385,0.026753,-0.016706,0.012019,-0.036763,-0.038793,0.015618,-0.0064069,0.01022,-0.011946,0.02002,-0.02075,0.0026175,-0.05648,-0.0063519,-0.021002,0.010476,-0.0021493,-0.025317,0.0083973,0.0045419,-0.034324
-0.010001,-0.0058051,-0.020205,0.0091961,0.0015606,-0.038424,-0.0013878,-0.014917,0.011459,0.016984,0.0047353,-0.013457,-0.031277,-0.015859,-0.0012279,-0.040054,-0.0040976,0.0085592,0.015654,0.0072423,-0.0071527,0.0042774,-0.0058308,-0.0095393,0.0049707,-0.014176,-0.0060839,-0.003287,0.011495,0.009348,-0.001323,-0.046132,0.025715,0.012732,-0.013658,-0.015672,-0.0036869,0.0034049,-0.0011351,-0.023979,-0.031625,-0.0001907,-0.026745,-0.016082,-0.0069898,0.0033837,0.031916,0.010069,-0.022,0.0077643,0.0079589,-0.0065988,0.016541,-0.023103,0.012767,-0.027394,-0.0086459,0.005569,0.00024167,-0.0031417,-0.027804,-0.017957,-0.018134,0.0024084,-0.038821,-0.022985,-0.039673,-0.0052934,0.0053388,-0.023547,0.016863,0.00041631,-0.0052074,-0.010893,-0.0055736,0.007485,-0.010083,0.012515,-0.019379,-0.004408,-0.005614,0.014425,-0.0054925,0.0053518,0.019404,0.0073688,-0.013331,-0.014169,-0.030709,0.002616,0.0080075,0.011064,0.021471,-0.033115,-0.011566,0.018715,-0.0322,0.0043176,-0.020106,0.0038174,-0.0032158,0.0096776,-0.0014666,-0.0055228,-0.0354,-0.0039778,0.0073539,-0.013338,-0.018966,-0.028136,0.015229,-0.0089203,0.0096097,-0.031239,0.0133,-0.019968,-0.034248,-0.024819,-0.0066649,0.0082431,0.0055946,-0.017752,-0.010048,-0.017383,-0.032107,-0.0072248,0.0097768,-0.0038396,0.016534,-0.01045,0.013409,-0.039454,-0.025902,0.025146,-0.027663,0.008621,-0.013294,0.0064418,0.017549,-0.037845,-0.004897,-0.013697,-0.0079321,-0.025175,-0.03861,-0.015381,-0.02589,-0.0080135,-0.0072547,-0.00042454,0.028323,-0.015264,0.019594,0.012028,-0.026459,-0.0073729,-0.01956,-0.023803,-0.015561,0.00067002,-0.020701,0.0088113,-0.0062931,-0.043709,0.020277,-0.0026041,0.018068,-0.0080414,-0.005644,0.0040049,0.0080903,0.003313,-0.030345,0.012586,-0.01272,-0.0014355,-0.032918,-0.0011345,-0.0035649,-0.0438,0.0076829,-0.027447,0.021449,0.0094222,-0.0081695,-0.01957,-0.02391,0.0073348,-0.026248,0.0014591,-0.029365,0.0015761,-0.011651,0.0099785,-0.016598,-0.014248,0.017647,-0.015107,-0.023391,0.0034659
-0.0002514,0.0012529,-0.0042299,-0.0013199,0.005318,-0.015579,0.0051259,0.0040599,0.0087633,0.0091861,0.011312,0.0020121,-0.0087916,0.0004533,0.0038934,-0.012231,0.0045354,0.0023883,0.016346,0.0065849,0.010916,0.0067716,0.002617,0.0017915,0.012208,-0.0017391,0.0012841,0.0057443,0.01335,-0.0010605,0.0095772,-0.019665,0.0099334,0.00025299,0.00012796,-0.001018,0.0019331,0.003406,0.00090529,0.014384,-0.010467,0.0070065,-0.0035211,-0.0022443,0.0034387,0.006737,0.006797,0.0056719,-0.0037562,0.0044867,0.0037275,0.006588,0.014202,0.0019367,0.0066161,-0.0057517,0.0022208,0.012393,0.0032719,0.0024511,-0.008679,-0.00069316,0.0034755,8.8096e-05,-0.011532,-0.0028156,-0.016345,0.0054654,0.011529,-0.0031664,0.0066385,0.0043471,0.0012218,0.0016419,0.0027819,0.0073826,0.010477,-0.0021117,-0.003224,0.0044709,0.0086006,0.0049218,0.0010973,0.0088694,0.0082902,0.0072723,0.011345,-0.0019505,-0.0017063,0.0059086,0.0053754,0.014131,0.0049639,-0.011774,0.0022597,0.016868,-0.0095503,0.0050562,0.0065213,0.0075548,0.0012666,0.0060544,0.0019363,0.0049123,-0.0067757,0.0027041,0.0039421,0.0063429,-0.003848,-0.0041317,0.010304,0.00092618,0.0041809,-0.0078067,0.0054791,0.0048876,-0.012658,-0.0069525,0.0054783,0.013893,0.0027746,0.00033148,0.0020375,-0.0020562,-0.0090013,0.011757,0.010277,0.0092162,0.016656,-0.00042367,0.010426,-0.015663,-0.0038045,0.012377,-0.0046149,0.0063682,-0.0016267,0.004229,0.014634,-0.0123,-4.166e-05,0.0069551,0.0019193,-0.0055919,-0.015675,-2.2843e-05,-0.0059485,3.6343e-05,0.0088735,0.0023186,0.020126,0.00091495,0.016622,0.011162,-0.0051691,0.0049965,0.014351,-0.0017017,0.000204,0.011138,-0.0042954,0.011244,0.00089153,-0.019022,0.017762,0.0095613,0.015756,0.0078442,0.0088271,0.011564,0.0074598,0.0047398,-0.0049304,0.010632,0.016641,0.0071268,-0.01163,0.0083905,0.00065857,-0.01964,0.010807,-0.0056879,0.0084588,0.0039094,0.011607,-0.0042967,-0.0028564,0.012754,0.00011188,0.0036533,-0.0097821,-0.0018632,0.0011876,0.01036,0.0028712,0.00063567,0.01509,0.0041233,-0.0047283,0.0030498
-0.047555,-0.040542,-0.040043,-0.058844,-0.020746,-0.05454,-0.014436,-0.0021102,-0.014974,-0.016465,0.005508,-0.016191,-0.067282,-0.020771,-0.026442,-0.029369,-0.017097,-0.052592,0.025599,-0.026648,0.024697,-0.016457,-0.02762,-0.026405,0.010347,-0.053841,-0.037363,-0.006414,0.005093,-0.058478,0.015401,-0.038577,-0.012482,-0.052991,-0.028015,-0.030503,-0.041199,-0.045041,-0.061055,0.023524,-0.043579,-0.0034983,-0.019676,-0.057225,-0.020226,-0.012279,-0.0060454,-0.035054,-0.030904,-0.041855,-0.046894,-0.00073339,0.0025731,-0.00079888,-0.028715,-0.028526,-0.025385,0.010057,-0.034245,-0.036104,-0.057773,-0.022837,0.0012692,-0.0616,-0.029326,-0.023391,-0.059093,-0.0086965,0.0056333,-0.067136,-0.024499,-0.020916,-0.047863,-0.024381,-0.026868,-0.015324,0.021389,-0.056327,-0.035022,-0.017149,0.0076419,-0.034608,-0.050852,-0.0070351,-0.018213,-0.014625,0.02471,-0.051103,-0.0089429,-0.020173,-0.035635,0.01094,-0.02333,-0.047585,-0.018781,0.0158,-0.035887,-0.031373,0.0084826,-0.0092182,-0.058201,-0.032427,-0.048716,-0.012473,-0.015586,-0.029715,-0.045472,0.0045601,-0.041889,-0.070735,-0.0126,-0.034212,-0.044118,-0.029814,-0.0335,0.0045262,-0.05787,-0.044768,-0.0059688,0.017051,-0.052353,-0.017373,-0.023682,-0.060686,-0.033341,0.030192,-0.0076068,0.011332,0.021728,-0.0483,-0.010889,-0.046504,-0.022393,-0.0073708,-0.022801,-0.02954,-0.047726,-0.042572,0.0036039,-0.034348,-0.063936,0.0068436,-0.028878,-0.065149,-0.053912,-0.024759,-0.033312,-0.063491,0.010391,-0.044595,0.034511,-0.01927,0.034705,-0.0065013,-0.068095,-0.0090723,0.027841,-0.016552,-0.022988,0.020279,-0.038581,-0.0017554,-0.052868,-0.048126,0.021368,0.016764,0.0090053,0.005629,0.0090196,0.0087422,-0.016109,-0.031327,-0.019704,-0.0093184,0.037164,-0.00047395,-0.047252,0.00592,-0.061948,-0.052966,-0.002114,-0.028166,-0.017313,-0.04567,0.028702,-0.043949,-0.0218,0.0092452,-0.0063726,-0.034761,-0.051739,-0.064204,-0.025732,-0.0075143,-0.0044102,-0.023303,0.0058314,-0.0013986,-0.033017,-0.049074
-0.0021097,-0.0028204,0.0012578,-0.0037114,-0.0074745,0.012864,-0.0075878,-0.0093735,-0.0093257,-0.0093512,-0.016542,-0.0054909,0.005948,-0.0041591,-0.0059206,0.0038283,-0.0069596,-0.0045204,-0.025372,-0.0072711,-0.018296,-0.0083235,-0.004711,-0.0044388,-0.018704,-0.00081359,-0.0028249,-0.0088978,-0.017107,-0.0036977,-0.018282,0.011632,-0.01039,-0.0026211,-0.0032583,-0.0022306,-0.003462,-0.0047889,-0.0076747,-0.01981,0.0062764,-0.011284,-0.0024093,-0.00098233,-0.0060556,-0.0083302,-0.0085032,-0.0059292,-0.00052623,-0.0051906,-0.0048067,-0.011235,-0.016327,-0.008133,-0.0065857,0.0002268,-0.0048171,-0.018755,-0.0051315,-0.0039957,0.0068003,-0.0033723,-0.009237,-0.007015,0.0034823,-0.0021279,0.014597,-0.0085946,-0.016619,-0.0060966,-0.0064997,-0.0072016,-0.0033174,-0.0045842,-0.0049086,-0.0082797,-0.017511,-0.0018118,-0.00018656,-0.0069045,-0.014974,-0.0047725,-0.0037877,-0.010178,-0.0083459,-0.0081475,-0.017652,-2.1603e-05,-0.0057279,-0.0077527,-0.005921,-0.019589,-0.0050248,0.0081174,-0.0053098,-0.022812,0.0039657,-0.0062521,-0.013033,-0.0085818,-0.0065025,-0.0063563,-0.004175,-0.0072414,-0.0019056,-0.0044608,-0.004925,-0.012112,0.0012549,-0.0071069,-0.010692,-0.0029122,-0.0048404,0.0016154,-0.005335,-0.011183,0.010725,0.0039307,-0.0091867,-0.021475,-0.0050025,-0.0045888,-0.0048977,-0.0034108,0.0030557,-0.018132,-0.010328,-0.016576,-0.024571,-0.0018314,-0.010918,0.010859,-0.0016194,-0.012793,-0.0011641,-0.0068266,-0.0001444,-0.0051168,-0.016922,0.0052669,-0.010048,-0.013001,-0.0041897,0.001717,0.012797,-0.0035659,0.0012215,-0.010498,-0.015522,-0.0041982,-0.032392,-0.0043937,-0.027802,-0.010709,-0.00079661,-0.0084249,-0.019151,-0.0039334,-0.0038802,-0.019793,0.0010822,-0.013587,-0.0042413,0.014085,-0.025381,-0.018268,-0.01966,-0.013706,-0.015427,-0.017748,-0.0082715,-0.0061291,-0.0017752,-0.011085,-0.018072,-0.012613,0.0079258,-0.015347,-0.0085243,0.016173,-0.013285,0.00011967,-0.0085858,-0.0047309,-0.018141,0.0018479,-0.0021423,-0.018398,-0.0069634,-0.0053212,0.0072548,-0.0078196,-0.0041637,-0.010373,-0.0085095,-0.0041008,-0.01805,-0.0094892,0.00041354,-0.0048323
-0.029161,-0.022816,-0.039291,0.012383,-0.0079154,-0.054099,-0.012272,-0.031023,0.0077976,0.016726,-0.0006281,-0.030322,-0.049927,-0.033335,-0.013773,-0.057822,-0.016959,0.0048799,0.01605,0.0018611,-0.015894,-0.0028402,-0.020869,-0.02558,0.00051186,-0.03475,-0.023038,-0.0125,0.0076297,0.01222,-0.0067755,-0.062169,0.030912,0.015905,-0.030973,-0.03356,-0.019476,-0.0072672,-0.008339,-0.049714,-0.049497,-0.0079137,-0.046039,-0.036937,-0.021462,-0.0035284,0.046497,0.0054271,-0.040542,0.00055906,0.0015125,-0.016804,0.014031,-0.043021,0.012102,-0.046017,-0.024295,0.0012223,-0.012381,-0.018144,-0.047555,-0.035921,-0.036727,-0.00029672,-0.056636,-0.04165,-0.054672,-0.016518,9.2052e-05,-0.040473,0.018963,-0.010081,-0.021965,-0.02715,-0.020399,0.002304,-0.021091,0.01852,-0.037981,-0.017454,-0.014297,0.01846,-0.022029,-0.00093547,0.021702,0.0023338,-0.028054,-0.034646,-0.051815,-0.0057383,0.0011377,0.007828,0.028419,-0.050651,-0.027748,0.017605,-0.050169,-0.0049547,-0.039411,-0.0027586,-0.014105,0.0050302,-0.015664,-0.018148,-0.053282,-0.018782,0.0001114,-0.027143,-0.03825,-0.040059,0.01301,-0.025942,0.0044364,-0.049651,0.015962,-0.039581,-0.051679,-0.043975,-0.017904,0.0057738,-0.0014969,-0.035769,-0.025984,-0.037235,-0.050221,-0.017266,0.004747,-0.011105,0.016087,-0.029837,0.010045,-0.055252,-0.044875,0.027961,-0.046757,0.0035278,-0.03323,-0.0017694,0.015387,-0.055138,-0.011189,-0.027622,-0.023851,-0.045866,-0.054294,-0.032842,-0.04444,-0.01686,-0.016558,-0.014152,0.029905,-0.03258,0.022245,0.007823,-0.045823,-0.020075,-0.042246,-0.04307,-0.032993,-0.0032067,-0.039614,0.003623,-0.02272,-0.058238,0.02008,-0.0085152,0.016251,-0.018343,-0.014163,-0.00099219,0.0031548,-0.0067324,-0.049882,0.0087337,-0.034249,-0.0092765,-0.050513,-0.0079282,-0.011663,-0.05762,0.0021511,-0.046099,0.024992,0.0042867,-0.018692,-0.039126,-0.04273,0.0030515,-0.047448,-0.010365,-0.048097,0.0027166,-0.028244,0.0050059,-0.035905,-0.031389,0.015556,-0.031163,-0.041984,-0.006539
0.0034277,0.0047393,-0.010464,0.040092,0.008459,-0.016749,0.0026856,-0.015525,0.021597,0.030484,0.0060433,-0.012142,-0.0099222,-0.012578,0.0057801,-0.028743,-0.0010271,0.031714,0.0145,0.019969,-0.016748,0.011359,0.00021976,-0.0048337,0.0048035,2.2477e-05,0.0037265,-0.0021224,0.015563,0.03982,-0.0049498,-0.029587,0.04174,0.040813,-0.0085908,-0.0096354,0.0069283,0.01785,0.02458,-0.039159,-0.017248,0.0016233,-0.022866,-0.00029161,-0.0037685,0.0088489,0.05082,0.026199,-0.013407,0.023897,0.026587,-0.007715,0.023113,-0.027615,0.030011,-0.019764,-0.0041131,0.0056642,0.0096396,0.0060086,-0.010877,-0.013323,-0.023433,0.031386,-0.027921,-0.017778,-0.016961,-0.0043858,0.0068735,0.0013657,0.034251,0.0067064,0.0079213,-0.0069354,0.00032661,0.015822,-0.01887,0.04389,-0.011174,-0.001462,-0.0084445,0.037246,0.0091563,0.010326,0.035013,0.01542,-0.02361,-0.0015853,-0.030843,0.010154,0.022339,0.013269,0.041212,-0.01669,-0.0094481,0.02176,-0.020665,0.014937,-0.027118,0.0086814,0.017692,0.024961,0.012592,-0.0041398,-0.030551,0.0035737,0.024739,-0.016563,-0.0090987,0.00027152,0.026323,-0.0016559,0.028315,-0.022333,0.034873,-0.026217,-0.014494,-0.011928,-0.0067445,0.00725,0.0259,-0.013982,-0.0062445,0.0017984,-0.021577,-0.020277,0.016791,-0.0071202,0.017028,0.0027114,0.023029,-0.021315,-0.020976,0.038508,-0.022357,0.022599,-0.0020309,0.021814,0.024139,-0.025181,0.024572,-0.017503,-0.0021566,-0.0055171,-0.017349,-0.011051,-0.016589,0.020147,-0.011356,0.012094,0.026487,-0.01259,0.01575,0.01967,-0.0040001,-0.0071508,-0.035106,-0.021495,-0.011725,-0.0039247,-0.011119,0.013784,0.0096537,-0.023413,0.021852,-0.0071481,0.023092,-0.011048,-0.0088572,0.0040834,0.016995,0.013329,-0.025901,0.021339,-0.03112,-0.00083625,-0.016706,-0.0020012,0.022538,-0.021322,0.012297,-0.019957,0.037676,0.028722,-0.02046,-0.0090012,-0.019344,0.008611,-0.028566,0.011457,-0.012862,0.035096,-0.0073086,0.017041,-0.019862,-0.010521,0.023554,-0.016505,-0.014268,0.020015
0.046417,0.036014,0.060997,-0.0065694,0.0099988,0.098001,0.014309,0.037101,-0.0090556,-0.019805,-0.005779,0.037384,0.095438,0.043782,0.019993,0.085235,0.020249,0.0027712,-0.039815,0.0020476,0.011451,0.0055467,0.030114,0.035659,-0.0094677,0.056224,0.036147,0.015474,-0.017579,-0.0062587,0.00069478,0.099733,-0.038219,-0.0092388,0.043609,0.048368,0.030925,0.016035,0.016638,0.052317,0.080414,0.0070869,0.061604,0.060328,0.027616,0.0056401,-0.05663,0.00013293,0.058913,0.0069838,0.0064599,0.019009,-0.025421,0.058135,-0.0084131,0.066189,0.033541,-0.010524,0.019473,0.028341,0.083711,0.048358,0.045821,0.0068155,0.083435,0.057029,0.10388,0.019827,-0.0068741,0.069711,-0.018634,0.013022,0.034839,0.036915,0.029242,-0.0013387,0.018713,-0.012523,0.056909,0.020845,0.012349,-0.012466,0.034664,-6.4154e-05,-0.025206,-0.0015938,0.027484,0.055999,0.066304,0.0082933,0.0051351,-0.020474,-0.030479,0.085067,0.035186,-0.037775,0.076909,0.011011,0.044616,0.003608,0.024138,1.1291e-05,0.024958,0.021163,0.081023,0.02823,0.0080318,0.031313,0.060007,0.078388,-0.016736,0.039011,0.0027874,0.072543,-0.010243,0.046291,0.094077,0.070935,0.021768,-0.019885,0.010287,0.045662,0.035044,0.060522,0.075509,0.013368,-0.0079625,0.0070329,-0.03829,0.047548,-0.013657,0.093532,0.061299,-0.037629,0.06418,0.00098963,0.0532,0.0099371,-0.02787,0.084252,0.018101,0.030893,0.034269,0.08126,0.097678,0.04489,0.066197,0.024748,0.014702,0.022901,-0.071468,0.04202,-0.055023,-0.012624,0.08266,0.02376,0.044767,0.055798,0.044315,-0.0051119,0.060957,-0.0088823,0.035459,0.10106,-0.044778,0.0024762,-0.031973,0.018553,0.011806,-0.0064153,-0.0022549,0.012599,0.067286,-0.012618,0.037534,0.0077263,0.084547,0.0042839,0.020078,0.10515,-0.0066385,0.066135,-0.029349,0.0031358,0.015185,0.062169,0.05787,-0.012701,0.05822,0.016119,0.082269,0.0016714,0.038969,-0.0083715,0.03969,0.04224,-0.029268,0.037584,0.062203,0.01591
0.033803,0.027972,0.041218,0.019193,0.012603,0.061502,0.014585,0.023403,0.0062595,0.0012672,0.0019733,0.027395,0.059072,0.03098,0.018054,0.057257,0.018606,0.019113,-0.016361,0.012999,0.0007731,0.01174,0.024311,0.027213,-0.0009441,0.038951,0.028023,0.012858,-0.0018919,0.019016,0.00088286,0.0686,-0.010846,0.015327,0.031476,0.034102,0.024983,0.019438,0.025334,0.016485,0.052044,0.0073871,0.040527,0.041197,0.022564,0.010779,-0.030538,0.013912,0.039785,0.01744,0.018473,0.012936,-0.0046862,0.035828,0.008908,0.04377,0.026017,-0.0012497,0.016827,0.023375,0.053028,0.033548,0.027778,0.024097,0.05562,0.03829,0.064139,0.015906,0.001639,0.047004,0.0031575,0.012359,0.0273,0.027707,0.023779,0.0096032,0.0046224,0.015863,0.03888,0.018935,0.0073424,0.0075007,0.027182,0.007583,-0.0015511,0.0094225,0.0059487,0.038789,0.042298,0.013067,0.015638,-0.0045704,-0.0043545,0.05452,0.026439,-0.01284,0.050312,0.015906,0.022244,0.0093341,0.023547,0.013342,0.020105,0.018058,0.057187,0.023342,0.018513,0.016982,0.040743,0.051849,0.0021578,0.029434,0.01677,0.047653,0.0084579,0.025696,0.058641,0.046622,0.016143,-0.0066148,0.020845,0.031676,0.026672,0.041637,0.049538,-0.0015642,0.0049476,0.0041269,-0.014495,0.034411,0.0032767,0.060306,0.040607,-0.010514,0.042291,0.013146,0.037234,0.01824,-0.0060127,0.055588,0.027407,0.015808,0.026618,0.051992,0.061379,0.031901,0.043886,0.027457,0.0074544,0.018536,-0.03195,0.029947,-0.025368,0.002805,0.053109,0.018328,0.010157,0.036948,0.031432,-0.00234,0.041148,0.0031481,0.027658,0.065455,-0.017098,0.0010135,-0.0088952,0.010652,0.0067117,0.00069787,0.0094221,0.015818,0.04407,0.003413,-0.00014805,0.0067129,0.054276,0.0042257,0.026135,0.066784,0.0040473,0.043712,-0.0042946,0.017245,-0.00021314,0.041903,0.038574,-0.0013785,0.037015,0.015584,0.052523,0.024888,0.028873,0.0047706,0.027303,0.030385,-0.0070616,0.023331,0.041671,0.020619
0.059819,0.048212,0.039562,0.094269,0.018392,0.056116,0.01047,-0.024065,0.021397,0.029382,-0.018222,0.0025564,0.089634,0.0087451,0.026809,0.0030926,0.011688,0.078428,-0.048029,0.035541,-0.057815,0.016783,0.027555,0.022927,-0.025569,0.068616,0.04374,-0.0038221,-0.015421,0.093476,-0.034375,0.013969,0.031898,0.08643,0.022788,0.025705,0.048434,0.055645,0.08531,-0.078104,0.038475,-0.0058148,-0.0021471,0.074409,0.014537,0.010443,0.040862,0.050939,0.022006,0.057573,0.066477,-0.017097,-0.0079208,-0.040847,0.046673,0.013651,0.021851,-0.024781,0.037008,0.040911,0.069565,0.010747,-0.037291,0.091881,0.0045414,0.0078502,0.065545,-0.0023927,-0.018476,0.092595,0.046718,0.018771,0.05852,0.018616,0.026516,0.02013,-0.056351,0.093801,0.031131,0.01149,-0.028783,0.059951,0.062678,0.0017808,0.037021,0.019559,-0.066433,0.063365,-0.027923,0.019871,0.048376,-0.025228,0.053687,0.045283,0.0086051,-0.029205,0.023391,0.036666,-0.048648,0.0052667,0.072735,0.046658,0.056456,0.0031851,-0.025741,0.032001,0.062942,-0.033583,0.043657,0.099285,0.018952,0.036374,0.064221,0.012818,0.056508,-0.043135,0.066051,0.045332,-0.0081893,-0.035921,0.073346,0.0012149,0.018013,0.081072,0.018688,-0.068419,0.0052054,-0.031554,-0.040786,0.060581,0.013973,0.038248,0.0036274,0.019428,0.0028519,0.041157,0.05748,0.056702,-0.0089537,0.015465,0.090245,-0.037512,0.028093,0.087309,0.054536,0.016017,0.023517,0.08502,-0.034995,0.050737,-0.056585,0.0065571,-0.062808,0.0047005,0.093647,-0.0038755,-0.080079,-0.0053708,0.012808,-0.042664,0.036619,-0.0054959,0.065693,0.037821,-0.037913,-0.035888,-0.017902,-0.028696,-0.030881,-0.023605,0.021929,0.034775,-0.0054609,0.010321,-0.090892,-0.011481,0.044727,-0.02037,0.084783,0.048444,-0.0054669,0.012922,0.037239,0.066527,-0.066847,0.047064,0.0042252,-0.023788,-0.028183,0.035648,0.05608,0.099134,0.020344,0.0051552,-0.022667,0.014362,-0.012737,-0.025677,0.024767,0.063251
0.02728,0.023979,0.029993,0.014018,0.012454,0.040642,0.013424,0.019856,0.007529,0.0040479,0.0059942,0.018756,0.039658,0.020869,0.01709,0.036132,0.015431,0.01632,-0.0028051,0.012531,0.0071389,0.011339,0.020397,0.021293,0.0046091,0.02983,0.023832,0.012199,0.0034783,0.014044,0.005697,0.04298,-0.0043484,0.011549,0.023469,0.025164,0.022313,0.018251,0.02132,0.023843,0.035666,0.0088277,0.026497,0.030846,0.017853,0.010326,-0.02137,0.013095,0.027763,0.016033,0.016588,0.013045,0.0015816,0.031758,0.0091304,0.029039,0.020573,0.0044072,0.017548,0.021047,0.03691,0.022766,0.024262,0.019299,0.035217,0.024597,0.041737,0.013775,0.0057755,0.032658,0.0046155,0.013691,0.02392,0.021034,0.020055,0.0098126,0.0096425,0.010499,0.028148,0.015546,0.0099937,0.0072489,0.023943,0.0078665,0.0017125,0.0096714,0.011392,0.029761,0.033796,0.012641,0.014645,0.0023719,-0.0021877,0.03718,0.018522,-0.0020069,0.033851,0.015181,0.021613,0.0086009,0.021439,0.012716,0.020392,0.013849,0.048432,0.020459,0.016795,0.016466,0.03003,0.034711,0.0048544,0.023762,0.01513,0.031255,0.0083132,0.023532,0.039515,0.033125,0.014415,0.0018093,0.018378,0.02125,0.02041,0.03073,0.03296,0.0063941,0.0060059,0.0079095,-0.0022988,0.027582,0.0055488,0.039689,0.023404,-0.0029623,0.023553,0.012617,0.028891,0.016829,0.00089894,0.036285,0.022347,0.015928,0.021574,0.035941,0.040543,0.022824,0.030209,0.023076,0.01035,0.019473,-0.0098541,0.019408,-0.0062006,0.0047489,0.0361,0.015274,0.017308,0.02552,0.022058,0.0041566,0.029756,0.0059382,0.024169,0.041735,-0.0038242,0.0057368,-0.00034058,0.012141,0.0096637,0.005458,0.0097154,0.015268,0.029232,0.0055589,0.010671,0.008941,0.037045,0.0074689,0.022093,0.042249,0.0064809,0.028884,-0.00028596,0.015444,0.007168,0.030832,0.022551,0.0041903,0.029673,0.015824,0.036541,0.018678,0.021841,0.0059027,0.022196,0.021784,0.00046374,0.019949,0.029108,0.018949
0.061238,0.051615,0.054119,0.054236,0.021714,0.068829,0.021085,0.011487,0.015873,0.016187,-0.0053883,0.026601,0.077534,0.032242,0.032113,0.042311,0.02434,0.047731,-0.030742,0.024497,-0.019696,0.018262,0.037658,0.036737,-0.011457,0.066102,0.050346,0.011684,-0.0064681,0.053803,-0.01137,0.050563,0.010343,0.048739,0.039643,0.042904,0.048174,0.041744,0.055421,-0.014247,0.058553,0.0057295,0.032972,0.068797,0.02889,0.01498,0.0067135,0.032665,0.044555,0.033965,0.040925,0.0058437,-0.0048897,0.011612,0.028467,0.042564,0.03535,-0.011597,0.036089,0.043601,0.071733,0.035025,0.0089035,0.057067,0.042639,0.036608,0.072617,0.014971,-0.0056039,0.070832,0.02505,0.023881,0.054122,0.03484,0.036719,0.017228,-0.015926,0.05178,0.048576,0.024492,-0.0037546,0.033326,0.05517,0.0079849,0.017923,0.016906,-0.018018,0.064099,0.020802,0.021901,0.030318,-0.013016,0.02399,0.062542,0.028825,-0.020139,0.050543,0.031086,0.00051707,0.011128,0.049177,0.030497,0.046775,0.019474,0.024015,0.040134,0.036988,0.0025417,0.055829,0.066971,0.012084,0.045771,0.039787,0.044033,0.032397,0.005065,0.071886,0.059507,0.012501,-0.020063,0.04524,0.029071,0.03378,0.069874,0.04784,-0.024934,0.0078795,-0.0075791,-0.026483,0.061522,0.010606,0.061012,0.035861,0.0045205,0.036429,0.027741,0.060831,0.038153,-0.0062542,0.048425,0.059886,6.1855e-05,0.039297,0.075705,0.068243,0.036485,0.047579,0.058555,-0.0060159,0.043556,-0.041044,0.030415,-0.040604,0.006133,0.075815,0.016329,-0.018903,0.029347,0.034563,-0.016516,0.052598,0.0017987,0.056319,0.062028,-0.02661,-0.01186,-0.012369,-0.00085488,-0.0051074,-0.0087183,0.017966,0.030989,0.033077,0.0090684,-0.029207,0.0029939,0.0622,-0.0031442,0.0562,0.066787,0.0024769,0.042185,0.016446,0.041071,-0.023327,0.058124,0.034998,-0.010265,0.018339,0.032903,0.066522,0.060277,0.036565,0.007727,0.014977,0.034628,-0.0087299,0.010742,0.046984,0.044214
-0.018902,-0.016233,-0.010677,-0.038809,-0.01002,-0.014728,-0.0084727,0.0010853,-0.015104,-0.019146,-0.0040291,-0.0042588,-0.024978,-0.0050194,-0.011752,-0.00025877,-0.0080047,-0.030247,0.0015177,-0.016843,0.005728,-0.011266,-0.011092,-0.0091143,-0.0022619,-0.019208,-0.015425,-0.0051609,-0.0063522,-0.038388,0.00044693,-0.0025803,-0.022864,-0.036661,-0.0082512,-0.0084765,-0.016175,-0.019544,-0.029668,0.020159,-0.010515,-0.0047822,-0.001351,-0.02046,-0.0079535,-0.0096952,-0.033018,-0.021779,-0.0064651,-0.02219,-0.025151,-0.002273,-0.0088744,0.011121,-0.022594,-0.0050019,-0.0090866,-0.0024563,-0.013905,-0.014553,-0.017913,-0.0049712,0.0063138,-0.034215,-0.0011215,-0.0040172,-0.018229,-0.0050996,-0.0042187,-0.025946,-0.024765,-0.010101,-0.018577,-0.0079545,-0.01093,-0.013486,0.0058293,-0.040586,-0.0089595,-0.0078945,-0.0004037,-0.028316,-0.019711,-0.008622,-0.022583,-0.013383,0.0088748,-0.017534,0.0080276,-0.011139,-0.019839,-0.0039904,-0.03016,-0.012078,-0.0058287,-0.0035604,-0.0071469,-0.015178,0.0083809,-0.0088343,-0.023781,-0.020523,-0.018318,-0.0060502,0.016885,-0.012824,-0.023648,0.00222,-0.011772,-0.02811,-0.015541,-0.012196,-0.025326,-0.0045788,-0.026518,0.0076872,-0.017488,-0.011277,-0.0037687,-0.00064012,-0.026589,-0.0029822,-0.0080078,-0.022866,-0.0059963,0.0085214,-0.010649,2.0022e-05,-0.00047398,-0.018616,-0.013707,-0.011213,-0.0028471,-0.018148,-0.0024582,-0.018702,-0.016134,-0.02123,-0.0087475,-0.0048045,-0.031357,0.002949,-0.01059,-0.023304,-0.01463,-0.0065654,-0.0070998,-0.028472,0.0009643,-0.016952,0.0060924,-0.0046986,0.006101,-0.011101,-0.025634,-0.0043956,0.01696,-0.0010381,-0.0058973,0.0015452,-0.0099239,-0.0080343,-0.0206,-0.011474,-0.0011233,0.0011119,-0.0064892,-2.3199e-05,-1.8639e-05,-0.0026998,-0.01412,-0.014226,0.00017083,-0.012589,0.016706,-0.0036465,-0.011939,-0.0020799,-0.028884,-0.014403,-0.0077572,-0.0048356,-0.023387,-0.026009,0.0081939,-0.01248,-0.0031893,-0.0035664,0.0061582,-0.013465,-0.013842,-0.0382,-0.0081513,-0.010692,0.0016657,-0.0064605,-0.0077816,0.0014983,-0.0071537,-0.021993
0.059947,0.047025,0.037771,0.059672,0.019484,0.046102,0.015562,0.0002028,0.022219,0.025492,-0.00245,0.013566,0.080602,0.017528,0.026743,0.0094219,0.016859,0.054233,-0.027249,0.02626,-0.025038,0.019701,0.029736,0.026198,-0.0091832,0.064732,0.044824,0.008846,0.00057615,0.059223,-0.012493,0.012491,0.02567,0.053334,0.026329,0.028345,0.044256,0.045017,0.065502,-0.025115,0.035032,0.006177,0.010889,0.070107,0.01994,0.016676,0.032377,0.036282,0.025694,0.042996,0.048236,0.002069,0.0052542,-0.0088437,0.03156,0.01991,0.025357,-0.0089218,0.031001,0.038497,0.060819,0.018785,-0.0057018,0.065212,0.011013,0.016964,0.053336,0.01002,-0.002294,0.090968,0.032518,0.017863,0.05315,0.023337,0.028891,0.021671,-0.02157,0.055998,0.031918,0.016835,-0.0059843,0.034291,0.056212,0.012004,0.028487,0.021402,-0.025449,0.058986,-0.0040973,0.019363,0.036706,-0.0068769,0.03497,0.039521,0.016947,-0.010232,0.024907,0.031505,-0.011572,0.013951,0.060176,0.033473,0.045491,0.012623,-0.014554,0.033669,0.046697,-0.005353,0.041005,0.098719,0.02074,0.036444,0.045472,0.018652,0.032743,-0.0086003,0.055745,0.041408,0.007212,-0.017589,0.054129,0.013206,0.022827,0.078159,0.022015,-0.031935,0.013902,-0.0091555,-0.020129,0.059653,0.018408,0.032607,0.014241,0.019746,0.013536,0.030198,0.053648,0.043445,0.0044774,0.01825,0.070621,-0.0075847,0.029938,0.080792,0.044812,0.021987,0.026217,0.070736,-0.0092052,0.040103,-0.035045,0.016152,-0.042767,0.013434,0.088907,0.0094941,-0.028092,0.0094807,0.01997,-0.019413,0.03564,0.0074421,0.059222,0.030683,-0.017564,-0.014051,-0.0016782,-0.004636,-0.0073887,-0.0066866,0.022492,0.030934,0.0083703,0.016516,-0.037291,0.0027905,0.039143,-0.0030939,0.067191,0.038316,0.0074931,0.019444,0.028412,0.047047,-0.03005,0.043499,0.014793,-0.0061723,-0.0026093,0.03234,0.04878,0.067673,0.024571,0.013858,0.00095502,0.020873,0.0019511,-0.0005753,0.027318,0.049785
0.033444,0.028803,0.015432,0.055828,0.016102,0.0099148,0.0097572,-0.010052,0.023818,0.030159,0.00068537,0.0018698,0.032485,0.0035477,0.019416,-0.013585,0.009639,0.049298,-0.006274,0.024427,-0.024815,0.017197,0.017316,0.013274,-0.0031731,0.035501,0.02597,0.0041501,0.0070907,0.055513,-0.011565,-0.014839,0.035853,0.051836,0.01116,0.011493,0.030435,0.038616,0.053618,-0.035267,0.0074613,0.0042953,-0.0070352,0.03776,0.010247,0.014221,0.043297,0.034389,0.0062422,0.03872,0.043447,-0.0031895,0.013722,-0.022382,0.032332,-0.0006407,0.013168,-0.0026114,0.026795,0.026289,0.024779,0.0033731,-0.01749,0.055958,-0.012043,-0.00061885,0.012871,0.0038465,0.0011581,0.046218,0.036277,0.015806,0.036054,0.010532,0.016889,0.020979,-0.024025,0.054747,0.011958,0.0094618,-0.0086612,0.035985,0.03905,0.011491,0.034583,0.020817,-0.029597,0.031994,-0.020181,0.016282,0.033476,0.0019689,0.041807,0.0093882,0.0054822,0.0053154,0.00051258,0.027257,-0.022424,0.012195,0.048869,0.031797,0.03905,0.0057419,-0.025443,0.020493,0.041702,-0.013469,0.01819,0.047017,0.024783,0.020383,0.041984,-0.0033823,0.033934,-0.02018,0.017842,0.015212,0.00070119,-0.0060498,0.047295,-0.0007523,0.010646,0.042207,-0.0014447,-0.030582,0.015723,-0.010157,-0.0018804,0.033482,0.021661,0.0015244,-0.0040905,0.030499,-0.0054395,0.028432,0.029201,0.038466,0.013874,-0.0067704,0.056017,-0.015369,0.016617,0.037514,0.009118,0.0071027,0.0046081,0.05427,-0.012252,0.035644,0.00015888,0.0028447,-0.010761,0.016769,0.041223,0.0021715,-0.036317,-0.0067353,0.0055422,-0.014366,0.013749,0.010166,0.04099,-0.0022498,0.0022824,-0.013763,0.01011,-0.0092042,-0.0097895,-0.0023783,0.022055,0.026487,-0.010543,0.019604,-0.041274,0.0010501,0.0092762,-0.0036667,0.053701,0.0019647,0.0094779,-0.00098667,0.035748,0.043249,-0.029705,0.019462,-0.0026902,-3.7765e-05,-0.017577,0.028096,0.017084,0.058804,0.011003,0.015814,-0.010038,0.0069115,0.012221,-0.010884,0.0066649,0.042612
0.033843,0.028482,0.0092886,0.056099,0.013393,0.0047675,0.0075923,-0.013663,0.020231,0.026482,-0.0014686,-0.0023923,0.023235,-0.0013362,0.016997,-0.013536,0.0059022,0.048599,-0.0071552,0.021961,-0.027818,0.013979,0.014123,0.0083153,-0.0057817,0.032143,0.026178,0.00059314,0.0051552,0.055699,-0.014553,-0.013892,0.031037,0.051707,0.0055834,0.005712,0.029039,0.036771,0.052654,-0.037308,0.00194,0.001436,-0.0097072,0.033602,0.0057286,0.010782,0.037825,0.032275,0.00057079,0.036896,0.042029,-0.0068803,0.010816,-0.024056,0.030094,-0.0050604,0.0083857,-0.0051058,0.024397,0.024601,0.017877,-0.0016451,-0.020309,0.055489,-0.012625,-0.0048188,0.0073456,4.0754e-05,-0.00091249,0.038183,0.033619,0.013121,0.03529,0.0053253,0.013735,0.017627,-0.027359,0.055084,0.005918,0.0056113,-0.01212,0.034413,0.038356,0.0079308,0.03102,0.017413,-0.032803,0.028071,-0.021404,0.013564,0.031231,0.00039406,0.038961,0.0037998,0.00063303,0.0037811,-0.0040274,0.024639,-0.025574,0.0082156,0.047779,0.029566,0.037542,0.0017104,-0.025236,0.019284,0.040107,-0.017269,0.012173,0.035861,0.020794,0.016481,0.040483,-0.0070531,0.032253,-0.023107,0.011421,0.0089393,-0.0031059,-0.0082609,0.046194,-0.0047778,0.0055478,0.037941,-0.0055876,-0.033132,0.010996,-0.013416,-0.0029391,0.032945,0.017577,-0.0023925,-0.0066836,0.025024,-0.0073175,0.02604,0.025232,0.036542,0.010987,-0.0092675,0.054798,-0.019125,0.012406,0.029354,0.0040877,0.0016438,-0.00084323,0.052922,-0.015788,0.033856,-0.00071069,-0.0017541,-0.010402,0.011546,0.031726,-0.0017171,-0.038695,-0.0099017,0.00028082,-0.01712,0.0076033,0.0075309,0.040399,-0.0047615,0.0010246,-0.016812,0.0079966,-0.012867,-0.013228,-0.0049135,0.01872,0.023843,-0.01236,0.015334,-0.042543,-0.002049,0.0036828,-0.0067049,0.052673,-0.001178,0.0068873,-0.0053085,0.031947,0.04189,-0.032473,0.013433,-0.0058003,-0.0019359,-0.019642,0.02562,0.010731,0.058498,0.0056737,0.011047,-0.013213,0.0015741,0.0097057,-0.014486,0.00092615,0.04104
0.052245,0.044078,0.058502,0.0030117,0.019329,0.074151,0.021928,0.038103,0.0045183,-0.0029497,0.0046514,0.039123,0.077739,0.044435,0.029151,0.065022,0.026682,0.013062,-0.020969,0.010467,0.018346,0.014422,0.037031,0.040266,0.0014328,0.05893,0.043909,0.022769,-0.0030294,0.0034393,0.0086264,0.064014,-0.015737,0.0016732,0.04579,0.049295,0.040079,0.026208,0.024378,0.055164,0.067316,0.01608,0.055138,0.061388,0.033176,0.01452,-0.028804,0.010893,0.05535,0.015042,0.01594,0.024991,-0.0077575,0.053673,0.0041911,0.058604,0.038624,0.00072152,0.03014,0.037451,0.072815,0.047693,0.04437,0.0154,0.064777,0.052952,0.076547,0.026034,0.0039449,0.061527,-0.0028824,0.022251,0.043705,0.040621,0.036239,0.0094464,0.024508,-0.0025484,0.055139,0.027171,0.019214,-7.5751e-05,0.043601,0.0095059,-0.0070103,0.0093006,0.032516,0.05854,0.058274,0.016599,0.013758,-0.0058719,-0.01243,0.069815,0.038176,-0.017541,0.064292,0.020816,0.04481,0.012446,0.031465,0.010533,0.036261,0.026895,0.064176,0.036461,0.016068,0.034223,0.058485,0.05929,-0.00079446,0.044539,0.013292,0.061599,0.0017226,0.045465,0.07542,0.06434,0.027342,-0.0066651,0.018919,0.044979,0.039198,0.060361,0.063318,0.020505,0.00481,0.014602,-0.01918,0.053075,0.0012334,0.070393,0.055183,-0.014874,0.056829,0.010742,0.056368,0.019189,-0.0094252,0.065881,0.025379,0.034016,0.040049,0.072264,0.073901,0.045894,0.059463,0.031649,0.021018,0.034321,-0.039092,0.042936,-0.031455,0.0016213,0.071229,0.028791,0.04878,0.051393,0.045153,0.0034413,0.058143,0.0036222,0.04407,0.07028,-0.022789,0.010397,-0.012793,0.024297,0.018696,0.0037679,0.0089362,0.022814,0.058193,0.0018391,0.043807,0.016321,0.069527,0.012535,0.027385,0.072322,0.0051324,0.058468,-0.0099859,0.013582,0.022003,0.060108,0.053177,-0.00045947,0.0529,0.028,0.070481,0.0096695,0.042283,0.0045353,0.039153,0.04391,-0.010632,0.03852,0.057439,0.025232
-0.01663,-0.014757,-0.012639,-0.010306,-0.01243,-0.011643,-0.012752,-0.012576,-0.013869,-0.013157,-0.016984,-0.012815,-0.024221,-0.012585,-0.013555,-0.0080489,-0.012908,-0.012116,-0.01276,-0.011356,-0.017434,-0.013639,-0.013697,-0.013486,-0.016966,-0.01755,-0.01452,-0.015305,-0.016374,-0.010374,-0.017431,-0.0035118,-0.01305,-0.0097581,-0.013092,-0.012865,-0.014503,-0.013728,-0.015362,-0.019282,-0.011384,-0.016115,-0.012314,-0.018838,-0.013405,-0.0144,-0.015213,-0.011753,-0.011136,-0.012626,-0.012578,-0.016224,-0.015813,-0.013637,-0.011003,-0.011736,-0.013517,-0.016894,-0.01368,-0.014074,-0.016487,-0.01203,-0.01435,-0.013426,-0.0087642,-0.012108,-0.014061,-0.014651,-0.016934,-0.025121,-0.01132,-0.012923,-0.015608,-0.013336,-0.013679,-0.013792,-0.01769,-0.0088873,-0.012331,-0.012949,-0.017396,-0.0092579,-0.016164,-0.015554,-0.012373,-0.013868,-0.017162,-0.01631,-0.012325,-0.012061,-0.012424,-0.016366,-0.010538,-0.011575,-0.013136,-0.015156,-0.010964,-0.013058,-0.016419,-0.015094,-0.016371,-0.011687,-0.014963,-0.013523,-0.0043842,-0.013833,-0.012783,-0.015608,-0.013163,-0.028321,-0.014123,-0.013837,-0.012064,-0.011192,-0.0094781,-0.01538,-0.014936,-0.012092,-0.015071,-0.015876,-0.013304,-0.011346,-0.013398,-0.021042,-0.010966,-0.016938,-0.015335,-0.017606,-0.014072,-0.016547,-0.014565,-0.0099031,-0.012181,-0.014085,-0.012022,-0.011678,-0.015371,-0.012979,-0.015773,-0.0093741,-0.016316,-0.015912,-0.013631,-0.022752,-0.011574,-0.012762,-0.011612,-0.017835,-0.017528,-0.014387,-0.0077719,-0.012651,-0.0073187,-0.015348,-0.025663,-0.014236,-0.019354,-0.012661,-0.01271,-0.016756,-0.012324,-0.016155,-0.016761,-0.0083378,-0.013915,-0.017498,-0.015756,-0.017028,-0.017505,-0.0171,-0.013651,-0.013215,-0.011845,-0.014881,-0.017371,-0.016617,-0.011553,-0.017297,-0.016255,-0.0096347,-0.016173,-0.011746,-0.012364,-0.012113,-0.01721,-0.013385,-0.012269,-0.016784,-0.013312,-0.013585,-0.012933,-0.012559,-0.013294,-0.015336,-0.012626,-0.012942,-0.015837,-0.013236,-0.011413,-0.013919
0.026449,0.02356,0.005508,0.065595,0.018103,-0.013401,0.010941,-0.014667,0.033114,0.04379,0.0068056,-0.0021277,0.014357,-0.0019704,0.01773,-0.037582,0.010168,0.054544,0.0077591,0.033554,-0.019228,0.021191,0.014832,0.010018,0.0037217,0.026673,0.021219,0.0055593,0.016884,0.065093,-0.0043505,-0.048824,0.056427,0.063476,0.0059651,0.0050242,0.02529,0.036255,0.051943,-0.043764,-0.0095286,0.0066098,-0.019226,0.028174,0.009019,0.017604,0.07607,0.042661,-0.0035318,0.04218,0.046939,-0.0016715,0.026341,-0.037613,0.045993,-0.013513,0.010408,0.0043431,0.021966,0.022249,0.0088767,-0.0034417,-0.027165,0.059405,-0.034488,-0.010422,-0.012005,0.0044936,0.0076695,0.03537,0.051825,0.014528,0.029418,0.0070563,0.01461,0.02768,-0.020536,0.067726,0.0031016,0.0098727,-0.004789,0.05512,0.031715,0.016506,0.050852,0.027516,-0.028572,0.023341,-0.036931,0.020266,0.038439,0.012177,0.061845,-0.0090762,0.0023714,0.020359,-0.016177,0.028632,-0.029176,0.016046,0.041513,0.040591,0.030066,0.0060699,-0.055631,0.017704,0.044368,-0.014935,0.008619,0.034871,0.036409,0.015867,0.047674,-0.018989,0.052227,-0.028864,-0.0023949,0.002273,0.0011234,0.0032765,0.048532,-0.0072274,0.0076334,0.032592,-0.017906,-0.02552,0.023466,-0.0047479,0.012368,0.026298,0.031848,-0.022011,-0.015725,0.049623,-0.018263,0.037213,0.02117,0.040096,0.027214,-0.028127,0.054262,-0.016489,0.013418,0.023629,-0.014271,0.0014811,-0.0076702,0.048634,-0.0085735,0.027264,0.023182,-0.0022577,0.0058916,0.025964,0.027423,0.0019495,-0.040912,-0.016993,1.0251e-05,-0.0060738,0.003753,0.017708,0.033171,-0.030521,0.018706,-0.0064802,0.02416,-0.00691,-0.0056289,0.004096,0.029239,0.026605,-0.025424,0.029182,-0.0435,0.0038683,-0.0090093,0.0010253,0.050273,-0.026778,0.016337,-0.013858,0.053454,0.048659,-0.025086,0.0093401,-0.01298,0.0080074,-0.031128,0.024466,0.00071693,0.064849,0.0070056,0.023671,-0.017532,0.0020183,0.025769,-0.015621,-0.004121,0.040431
0.036344,0.027739,0.026334,0.035868,0.008385,0.036492,0.0066094,0.003382,0.0010478,-0.0010429,-0.0093382,0.0093812,0.047602,0.012219,0.013444,0.020311,0.0083065,0.029649,-0.026292,0.010061,-0.018555,0.0052276,0.016622,0.015631,-0.013312,0.03952,0.026345,0.0019661,-0.011002,0.035274,-0.012059,0.027536,-0.0079306,0.027867,0.01718,0.019154,0.025485,0.024261,0.041471,-0.011407,0.028904,-0.0010507,0.013892,0.042514,0.010868,0.0032352,-0.01518,0.014784,0.01993,0.020885,0.024816,-0.00092675,-0.010964,0.0072084,0.0088014,0.018746,0.01479,-0.013442,0.016138,0.021561,0.039977,0.013946,0.0033772,0.041746,0.020143,0.014699,0.039669,0.003694,-0.0095505,0.052225,0.0040831,0.007962,0.031579,0.014312,0.016026,0.0035825,-0.015447,0.031301,0.022643,0.0083614,-0.0068497,0.011111,0.033687,-0.00098038,-0.0014412,0.0033098,-0.017224,0.036465,0.011928,0.0078119,0.016151,-0.014886,0.00030789,0.031678,0.010349,-0.020071,0.023839,0.014395,-0.0019869,0.00098568,0.03701,0.013062,0.026395,0.00549,0.017613,0.018621,0.023844,-0.0021369,0.027816,0.054449,-0.0023248,0.021825,0.021893,0.019839,0.011002,0.001155,0.039202,0.029872,0.0026637,-0.019173,0.030382,0.010975,0.013669,0.046669,0.022189,-0.02331,-0.0023396,-0.009469,-0.023606,0.03624,-0.0023686,0.030978,0.013282,-0.0096117,0.013275,0.011514,0.033331,0.0218,-0.011927,0.023267,0.046647,-0.0036702,0.017445,0.047638,0.035966,0.015081,0.021817,0.046038,-0.0082844,0.022573,-0.033208,0.010842,-0.032855,-0.0036463,0.050596,0.0045708,-0.017355,0.012445,0.013821,-0.016977,0.025285,-0.0056245,0.0357,0.032284,-0.023992,-0.012624,-0.015505,-0.0048473,-0.0077464,-0.01143,0.0037554,0.01452,0.01484,-0.0028039,-0.029385,-0.002523,0.03144,-0.0064119,0.043056,0.035473,-0.0049849,0.018452,-0.0031612,0.023237,-0.021837,0.029409,0.012812,-0.012749,0.009532,0.016485,0.034914,0.045909,0.015344,-0.0024573,0.0056721,0.013925,-0.013354,0.0030417,0.021472,0.027664
0.03474,0.029202,0.065158,-0.032217,0.012967,0.091173,0.020871,0.067217,-0.012573,-0.030034,0.0068347,0.056946,0.069565,0.061277,0.020141,0.11313,0.029622,-0.015117,-0.016002,-0.0029335,0.038262,0.0065848,0.032778,0.043021,0.0064649,0.043349,0.030702,0.026237,-0.0074756,-0.031536,0.016966,0.11522,-0.056927,-0.034767,0.053283,0.057564,0.02409,0.0061777,-0.00096616,0.10915,0.086453,0.01576,0.089533,0.044914,0.037311,0.0085675,-0.093604,-0.010441,0.07238,-0.0036907,-0.0070267,0.035504,-0.019876,0.11165,-0.021954,0.085618,0.040846,0.0052948,0.014867,0.024144,0.072284,0.065807,0.08939,-0.013365,0.11023,0.078093,0.089641,0.032519,0.0056977,0.042211,-0.03657,0.014067,0.024225,0.047013,0.032168,-0.002619,0.04713,-0.041873,0.064914,0.030581,0.030086,-0.034665,0.022393,0.0047644,-0.041159,-0.0027263,0.062163,0.046245,0.11291,0.010283,-0.0032418,-0.0062582,-0.058387,0.087072,0.050584,-0.023462,0.091662,0.0068585,0.086545,0.0076339,0.0085655,-0.0092849,0.014096,0.03394,0.13359,0.027325,-0.0040477,0.058872,0.061856,0.042298,-0.021358,0.039828,-0.01095,0.093275,-0.029677,0.08995,0.082975,0.073111,0.037099,-6.7233e-05,-0.0046204,0.067855,0.044915,0.040814,0.09305,0.043689,-0.0050315,0.02417,-0.018105,0.036315,-0.015376,0.098143,0.085671,-0.048892,0.089652,-0.006227,0.046139,-0.00060986,-0.022222,0.10402,-0.000504,0.059329,0.03828,0.059122,0.091858,0.058589,0.079872,0.0067297,0.035253,0.01362,-0.042361,0.060289,-0.023598,-0.010287,0.055558,0.039418,0.09292,0.08424,0.059571,0.014004,0.066719,-0.0018916,0.021873,0.10308,-0.026473,0.020188,-0.022636,0.038474,0.030071,0.0082099,-0.0043223,0.0093105,0.098691,-0.012581,0.080692,0.017654,0.086919,0.016579,0.0024998,0.099279,0.0005643,0.085858,-0.047258,-0.011202,0.04554,0.062458,0.081022,0.0017296,0.10234,0.012669,0.078357,-0.021151,0.048665,-0.0054661,0.075574,0.056117,-0.022057,0.068416,0.074618,0.0037791
-0.0084654,-0.0059123,-0.024654,0.032977,0.00073743,-0.039365,-0.0046894,-0.027086,0.018838,0.030775,0.00068902,-0.023177,-0.029967,-0.024379,-0.0027593,-0.0591,-0.0091872,0.023154,0.012272,0.013565,-0.02131,0.0049346,-0.0092463,-0.015042,-0.00014457,-0.013014,-0.0068317,-0.0092546,0.011247,0.03264,-0.0085988,-0.065787,0.047356,0.035225,-0.020067,-0.021854,-0.0033168,0.0077608,0.013079,-0.05801,-0.037303,-0.0042359,-0.041804,-0.013851,-0.012864,0.002892,0.068538,0.019722,-0.027023,0.015418,0.017833,-0.015413,0.020335,-0.058368,0.026989,-0.038099,-0.013998,0.00075351,0.00034742,-0.0037341,-0.029216,-0.025635,-0.044338,0.02118,-0.05674,-0.033245,-0.041196,-0.012253,0.0015742,-0.013411,0.036105,-0.00098434,-0.0030242,-0.017382,-0.0090144,0.011988,-0.024894,0.038904,-0.024731,-0.0097056,-0.01422,0.035525,-0.0020164,0.0046012,0.038226,0.012,-0.030988,-0.014626,-0.05861,0.0027153,0.014624,0.0091049,0.049356,-0.037339,-0.019884,0.01996,-0.041947,0.0064351,-0.043401,0.0028694,0.0057466,0.018705,0.0016824,-0.01234,-0.073557,-0.0058747,0.015797,-0.026901,-0.023101,-0.015825,0.024295,-0.012329,0.020491,-0.043542,0.03236,-0.045046,-0.035735,-0.027635,-0.015153,0.0030785,0.016059,-0.025554,-0.01639,-0.011776,-0.043094,-0.024804,0.01211,-0.011778,0.014785,-0.0092895,0.019913,-0.047189,-0.038833,0.041535,-0.041546,0.016294,-0.014687,0.012767,0.021733,-0.051698,0.012606,-0.02738,-0.012138,-0.022367,-0.040505,-0.022878,-0.033334,0.0076067,-0.01739,0.0015896,0.029401,-0.024169,0.015164,0.015569,-0.020854,-0.015812,-0.048519,-0.038503,-0.023509,-0.0078327,-0.025305,0.0087137,-0.0017383,-0.052934,0.020778,-0.010592,0.020864,-0.018142,-0.014468,-0.0010639,0.013352,0.0045988,-0.048173,0.017701,-0.03983,-0.0061576,-0.037261,-0.0067038,0.010588,-0.049655,0.0069938,-0.038317,0.041924,0.020698,-0.025359,-0.023332,-0.03564,0.0037566,-0.051881,0.0020801,-0.030824,0.025432,-0.018055,0.012394,-0.034227,-0.021931,0.02116,-0.028901,-0.029051,0.0096497
0.015756,0.012958,0.020424,-0.0077107,0.0085419,0.023616,0.009177,0.025581,0.0014511,-0.0039495,0.0082735,0.017551,0.026633,0.018228,0.010197,0.02878,0.011841,-0.0012243,0.0047542,0.0033648,0.020425,0.0068077,0.012641,0.015296,0.0083366,0.019441,0.012477,0.012538,0.0054238,-0.0075312,0.013899,0.028937,-0.011602,-0.009865,0.017583,0.018568,0.012243,0.0072518,0.0078424,0.047161,0.023797,0.010265,0.02491,0.021148,0.013772,0.0072514,-0.024935,0.00019109,0.021363,0.0027254,0.0016511,0.016849,0.0023291,0.040988,-0.0034716,0.023616,0.014765,0.0079018,0.0097444,0.011578,0.023551,0.019467,0.033826,0.0019931,0.028172,0.021419,0.023184,0.013734,0.0081669,0.027952,-0.0081721,0.009196,0.013654,0.016098,0.012488,0.0041585,0.02346,-0.012645,0.020156,0.012065,0.016938,-0.009033,0.014104,0.0064026,-0.0081437,0.0041536,0.028702,0.018909,0.037719,0.0077863,0.0029018,0.006261,-0.016376,0.023752,0.016053,0.0033751,0.024835,0.00674,0.035085,0.0066407,0.011827,0.00076011,0.011352,0.01255,0.042583,0.011166,0.0027571,0.024984,0.020007,0.031453,-0.00051511,0.014738,-0.0001327,0.02507,-0.0069575,0.035104,0.023621,0.021987,0.015847,0.0073997,0.003425,0.020071,0.015614,0.022783,0.025078,0.021719,0.003901,0.015744,0.0045934,0.016279,0.0013521,0.024888,0.020935,-0.0070847,0.021024,0.002034,0.017998,0.0042384,0.0019776,0.027051,0.0097357,0.025616,0.014175,0.02627,0.023666,0.018443,0.022793,0.013568,0.018865,0.010509,0.0020249,0.017362,0.0026979,0.0028167,0.028377,0.015593,0.040593,0.025137,0.018434,0.01247,0.02063,0.0057649,0.014706,0.024972,0.0032981,0.015077,0.0027095,0.01904,0.017134,0.0089957,0.0036064,0.0075728,0.027563,0.0022349,0.034644,0.012064,0.023756,0.012807,0.01014,0.02368,0.0062956,0.02362,-0.0099377,-0.00017605,0.022577,0.020294,0.020238,0.0076918,0.035129,0.0089728,0.023082,-0.00043976,0.016513,0.0038078,0.027343,0.01782,0.0023646,0.026157,0.021893,0.0068051
0.0070587,0.0089816,0.0029103,0.014688,0.013197,-0.0056824,0.009955,0.0019887,0.021099,0.026529,0.01172,0.004378,0.0020677,0.0035065,0.011456,-0.013961,0.0095863,0.015944,0.017016,0.016441,0.0082175,0.014515,0.009125,0.0075843,0.011204,0.0062247,0.0085951,0.0097412,0.017931,0.014969,0.0096934,-0.018894,0.034411,0.019071,0.0055245,0.0046078,0.010331,0.013858,0.0087247,-0.00017379,-0.0035174,0.010659,-0.004122,0.0056459,0.0084831,0.013635,0.04587,0.018936,0.00087344,0.014618,0.015605,0.008019,0.022407,-0.008643,0.023203,-0.0030641,0.0079766,0.011372,0.012697,0.010602,0.0011528,0.0024351,-0.0026458,0.010147,-0.012547,-0.00079523,-0.0051054,0.0088837,0.012437,0.0034411,0.027576,0.012301,0.0093282,0.0067477,0.0092057,0.017283,0.0068762,0.017735,0.0029034,0.0094727,0.0085226,0.025565,0.008991,0.013675,0.02958,0.01736,0.0059172,0.0063124,-0.010565,0.013979,0.015584,0.016666,0.033137,-0.0037822,0.0058597,0.021604,-0.0052756,0.01511,-0.00098839,0.013171,0.0082951,0.018844,0.011193,0.0088078,-0.022737,0.0096002,0.014252,0.0038321,0.0037372,0.0028215,0.023926,0.0081159,0.017495,-0.005668,0.024576,-0.0023047,-0.0022222,0.00083062,0.0079978,0.013019,0.013458,0.0018218,0.0071632,0.0049581,-0.0056769,0.0089217,0.018214,0.0091437,0.018628,0.0071066,0.021955,-0.0085241,-0.0030071,0.032212,-0.0042396,0.017913,0.0066064,0.015218,0.023053,-0.010178,0.0060597,0.0038594,0.0084096,0.0036121,-0.0059775,0.0042337,-0.0013127,0.0050926,0.0077644,0.012049,0.022791,0.0036826,0.016692,0.020013,0.0036646,0.0077089,0.0039154,-0.0024861,0.0039443,0.0097273,0.0024877,0.016615,0.0083935,-0.011667,0.021422,0.0093933,0.02247,0.0073339,0.0084934,0.011139,0.018027,0.014544,-0.0069967,0.02097,0.010636,0.010318,-0.0037195,0.010111,0.007401,-0.010155,0.015663,-0.0031529,0.031341,0.017214,0.0084054,0.0035977,-0.0016595,0.013803,-0.0069466,0.013441,-0.00072548,0.0081587,0.0064447,0.018355,6.1488e-05,0.0047661,0.022738,0.0017625,0.00025415,0.013224
0.0043986,-0.00024146,-0.0088857,0.032686,-0.012432,-8.1445e-05,-0.015114,-0.031816,-0.010009,-0.0034278,-0.026433,-0.024023,0.0099668,-0.021326,-0.0094969,-0.02594,-0.017709,0.019522,-0.035567,-0.0045654,-0.048137,-0.01384,-0.010479,-0.014647,-0.028518,0.0051542,-0.0016662,-0.024724,-0.025713,0.032045,-0.038186,-0.015965,0.0034213,0.029147,-0.015539,-0.014462,-0.00034722,0.0053057,0.020655,-0.071333,-0.0089197,-0.023993,-0.028543,0.0070229,-0.017673,-0.016582,0.021485,0.0040702,-0.015041,0.0065903,0.01166,-0.031683,-0.021694,-0.052429,0.0038922,-0.020584,-0.014845,-0.027744,-0.0044661,-0.0036371,0.0028095,-0.020063,-0.045714,0.02611,-0.025243,-0.022551,0.0037699,-0.024853,-0.026851,0.013579,0.0070172,-0.012568,0.0044053,-0.016911,-0.010833,-0.011751,-0.047763,0.035722,-0.012234,-0.018018,-0.036416,0.013908,0.006725,-0.020057,0.0027291,-0.012006,-0.050575,0.0024261,-0.045163,-0.012348,0.0018301,-0.029193,0.016772,-0.005729,-0.021418,-0.02933,-0.015913,-0.0044335,-0.050249,-0.018703,0.014738,0.0017195,0.0057712,-0.022464,-0.04996,-0.0068114,0.009435,-0.038253,-0.0071972,0.014775,-0.0098818,-0.0080095,0.011087,-0.021207,0.010792,-0.048567,0.0024011,-0.0063505,-0.027881,-0.032178,0.014951,-0.022449,-0.017022,0.010381,-0.01823,-0.052094,-0.017944,-0.037521,-0.033405,0.004026,-0.012965,-0.0072817,-0.025388,-0.005058,-0.026082,-0.0014241,3.6114e-05,0.0057827,-0.021862,-0.019247,0.022962,-0.039746,-0.011524,0.0095794,-0.00060468,-0.01846,-0.015667,0.020164,-0.039243,0.0027718,-0.036464,-0.022254,-0.038701,-0.017585,0.011945,-0.02616,-0.065588,-0.029488,-0.019777,-0.039658,-0.0099932,-0.02247,0.008401,-0.0054817,-0.032001,-0.039952,-0.02528,-0.036726,-0.037316,-0.028782,-0.010785,-0.0051185,-0.030947,-0.014941,-0.060907,-0.027773,-0.0060135,-0.032003,0.020126,-0.00061079,-0.022604,-0.020958,0.0042317,0.012378,-0.051562,-0.0058539,-0.024608,-0.028795,-0.043593,-0.0036979,-0.0020255,0.031611,-0.016306,-0.017915,-0.035692,-0.019137,-0.023393,-0.033891,-0.014523,0.0091156
0.030878,0.024226,0.005189,0.05091,0.0099175,-0.0037989,0.004599,-0.016926,0.012771,0.017897,-0.0054504,-0.0050726,0.020159,-0.004083,0.012667,-0.019039,0.0030635,0.040065,-0.010951,0.016073,-0.030796,0.0085667,0.010321,0.0050202,-0.0093044,0.029812,0.021913,-0.0027445,-0.00018562,0.050236,-0.016422,-0.022002,0.021892,0.044563,0.0023547,0.0023284,0.02433,0.029278,0.048026,-0.043332,-0.0040208,-0.0023826,-0.01311,0.032083,0.0027201,0.0056989,0.028554,0.024276,-0.0030987,0.024748,0.031587,-0.0096947,0.0048412,-0.029117,0.023729,-0.0090087,0.0050974,-0.0088084,0.019128,0.019887,0.012857,-0.0045652,-0.025017,0.051682,-0.017998,-0.0079504,-0.0017859,-0.0030566,-0.0050614,0.040886,0.024934,0.009431,0.031122,0.0022435,0.009954,0.010712,-0.029975,0.049318,0.0021372,0.0027839,-0.014493,0.030276,0.034464,0.0028135,0.021794,0.010518,-0.036313,0.02502,-0.025571,0.010155,0.021054,-0.0043395,0.029058,-0.0028117,-0.002047,-0.00077222,-0.0093335,0.018477,-0.02903,0.0034517,0.040781,0.022225,0.032109,-0.001053,-0.027887,0.015,0.027726,-0.019729,0.0081004,0.037434,0.013087,0.012647,0.0309,-0.011557,0.028481,-0.027275,0.0042814,0.0040978,-0.0061164,-0.01202,0.036027,-0.0075722,0.0024746,0.038312,-0.010597,-0.037812,0.005418,-0.015638,-0.0069182,0.029956,0.010447,-0.01046,-0.0096945,0.017053,-0.010401,0.019322,0.021736,0.027151,0.0050494,-0.015306,0.054345,-0.021479,0.0088062,0.028486,-0.0044906,-0.0013734,-0.0050525,0.052723,-0.017972,0.028134,-0.0010841,-0.0043479,-0.013716,0.00592,0.032852,-0.0047028,-0.044431,-0.013175,-0.0026212,-0.018268,0.0035262,0.0020362,0.036895,-0.014242,-0.0027418,-0.018756,0.0026036,-0.015241,-0.015515,-0.0083229,0.011696,0.018021,-0.016171,0.008666,-0.052382,-0.0054513,-0.0028537,-0.0094888,0.04917,-0.011424,0.0015493,-0.0092179,0.022513,0.032269,-0.036672,0.0092769,-0.0086606,-0.0062108,-0.023884,0.019971,0.0048463,0.05771,0.0025339,0.0054537,-0.017663,-0.0013561,0.0039741,-0.017739,-0.0030127,0.032686
-0.051376,-0.044707,-0.043337,-0.02741,-0.026912,-0.052657,-0.02533,-0.023763,-0.015226,-0.010948,-0.0087392,-0.027037,-0.071563,-0.02922,-0.0328,-0.04143,-0.027067,-0.031791,0.014507,-0.024753,-0.0080766,-0.02212,-0.035682,-0.034693,-0.0047347,-0.054869,-0.043695,-0.021498,-0.0046035,-0.027516,-0.0074431,-0.048616,-0.001071,-0.024686,-0.035773,-0.037391,-0.042701,-0.037509,-0.041543,-0.025776,-0.047635,-0.017783,-0.03413,-0.057656,-0.029833,-0.019975,0.010056,-0.026255,-0.034903,-0.031756,-0.03264,-0.021046,-0.0025844,-0.035129,-0.019803,-0.038184,-0.033891,-0.004374,-0.03581,-0.039762,-0.058102,-0.030287,-0.030523,-0.035813,-0.041405,-0.032262,-0.058823,-0.023263,-0.0083031,-0.067547,-0.01373,-0.028011,-0.046974,-0.033214,-0.03516,-0.019068,-0.012494,-0.023289,-0.03978,-0.027107,-0.01573,-0.018306,-0.048217,-0.014469,-0.0089032,-0.018767,-0.013966,-0.052607,-0.03757,-0.025583,-0.029071,-0.00095679,-0.0071224,-0.049763,-0.028198,0.0073184,-0.044324,-0.030783,-0.027143,-0.016258,-0.045871,-0.025452,-0.043574,-0.023334,-0.037413,-0.037408,-0.033177,-0.022207,-0.045109,-0.073237,-0.010851,-0.040365,-0.029965,-0.04033,-0.019421,-0.029399,-0.057643,-0.045022,-0.023439,0.0028157,-0.035978,-0.025944,-0.032612,-0.060748,-0.042782,-0.0062309,-0.011189,-0.012203,0.011082,-0.051455,-0.01135,-0.051905,-0.030519,-0.00039787,-0.030444,-0.025122,-0.050001,-0.03346,-0.0013598,-0.045,-0.043149,-0.021278,-0.036464,-0.066944,-0.053209,-0.033089,-0.040006,-0.047423,-0.015533,-0.041173,0.029293,-0.027311,0.026618,-0.0089863,-0.070992,-0.024628,-0.020694,-0.033124,-0.031558,-0.0021712,-0.042002,-0.010188,-0.049428,-0.053872,0.012709,-0.0077791,0.0021431,-0.018632,-0.01499,-0.0069605,-0.018998,-0.031652,-0.036359,-0.010966,-0.012594,-0.017101,-0.049556,-0.0132,-0.043909,-0.055753,-0.011176,-0.037882,-0.0065547,-0.030539,-0.0077767,-0.046603,-0.029551,-0.0044673,-0.035506,-0.035048,-0.050319,-0.033305,-0.034197,-0.010989,-0.028706,-0.032113,-6.5994e-05,-0.02475,-0.037711,-0.038426
-0.05229,-0.043346,-0.041792,-0.033154,-0.01896,-0.050411,-0.018022,-0.013719,-0.0056256,-0.0026483,0.0070626,-0.023687,-0.069518,-0.027118,-0.026902,-0.036517,-0.020924,-0.031814,0.033436,-0.01528,0.011592,-0.012548,-0.031187,-0.030557,0.012328,-0.056231,-0.041949,-0.01107,0.011003,-0.032922,0.010209,-0.040384,0.004412,-0.027622,-0.032503,-0.034559,-0.040667,-0.033873,-0.044532,-0.0056939,-0.045431,-0.0051707,-0.03081,-0.059193,-0.024688,-0.010379,0.0035798,-0.019833,-0.032767,-0.023564,-0.028277,-0.0078997,0.011866,-0.020214,-0.013571,-0.035868,-0.029486,0.012711,-0.030966,-0.036467,-0.058093,-0.028172,-0.017039,-0.041295,-0.037003,-0.031007,-0.056621,-0.01421,0.0075173,-0.064626,-0.0083101,-0.020579,-0.046773,-0.029216,-0.030444,-0.0091531,0.0061331,-0.028738,-0.037631,-0.021114,0.00037005,-0.014964,-0.048569,-0.0036623,-0.0023655,-0.008848,0.0042242,-0.053434,-0.025091,-0.017067,-0.020331,0.016192,-0.0050943,-0.047815,-0.0251,0.024793,-0.041347,-0.023895,-0.011698,-0.0069758,-0.044409,-0.018315,-0.042376,-0.017626,-0.02051,-0.033277,-0.026134,-0.0086648,-0.043755,-0.062306,-0.00097897,-0.037497,-0.025865,-0.037601,-0.015156,-0.014868,-0.05658,-0.043865,-0.012916,0.021194,-0.033208,-0.023198,-0.028423,-0.061951,-0.039817,0.014581,-0.00097636,0.0049062,0.029707,-0.052318,-0.0009563,-0.048231,-0.031964,0.0081062,-0.032816,-0.016934,-0.050142,-0.027763,0.013292,-0.040625,-0.049223,-0.0071552,-0.032453,-0.066826,-0.050899,-0.030084,-0.037693,-0.051921,0.0011008,-0.038788,0.04559,-0.026002,0.044128,0.00153,-0.068987,-0.015873,-0.0006622,-0.027997,-0.028759,0.015369,-0.040267,0.003191,-0.050265,-0.049041,0.030794,0.010284,0.018224,-0.0034404,0.0014665,0.009559,-0.0092882,-0.025097,-0.03165,-0.00030659,0.0079652,-0.0031843,-0.047576,0.0026826,-0.047045,-0.051738,0.0020739,-0.035644,-0.00063019,-0.026966,0.012608,-0.045564,-0.030712,0.012314,-0.023631,-0.029894,-0.049452,-0.041953,-0.030431,-0.00075512,-0.018311,-0.028964,0.015239,-0.014023,-0.035507,-0.035308
