0.5663,0.68532,0.65372,0.62391,0.65372,0.59264,0.58747,0.68532,0.59264,0.56928,0.5663,0.62391,0.56433,0.56141,0.68532,0.57127,0.56928,0.57127,0.5663,0.58747,0.56928,0.5663,0.57028,0.62391,0.62391,0.59368,0.56433,0.56141,0.59473,0.56928,0.57028,0.59473,0.6432,0.58747,0.59368,0.62391,0.58747,0.56141,0.62391,0.5663,0.62391,0.68532,0.57028,0.56928,0.62391,0.59264,0.57028,0.57028,0.6432,0.59368,0.5663,0.56928,0.6432,0.56433,0.59368,0.59368,0.57127,0.68532,0.56141,0.5663,0.5663,0.6432,0.5663,0.5663,0.57127,0.68532,0.5663,0.5663,0.5663,0.59473,0.6432,0.59473,0.62391,0.6432,0.65372,0.56141,0.59264,0.68532,0.58747,0.56928,0.68532,0.62391,0.59264,0.56928,0.65372,0.62391,0.5663,0.65372,0.65372,0.6432,0.59368,0.62391,0.57127,0.62391,0.5663,0.6432,0.56928,0.6432,0.5663,0.59473,0.59264,0.6432,0.65372,0.68532,0.5663,0.65372,0.59264,0.65372,0.5663,0.56928,0.57127,0.59368,0.6432,0.59264,0.5663,0.59264,0.6432,0.59368,0.5663,0.68532,0.5663,0.56141,0.56141,0.59264,0.57028,0.56141,0.58747,0.59368,0.65372,0.57028,0.58747,0.5663,0.57127,0.56928,0.57028,0.59264,0.65372,0.56141,0.57028,0.57127,0.56141,0.65372,0.58747,0.65372,0.57127,0.5663,0.65372,0.57028,0.59368,0.59473,0.6432,0.62391,0.68532,0.57127,0.5663,0.5663,0.59473,0.68532,0.6432,0.59368,0.56141,0.59473,0.59473,0.68532,0.6432,0.5663,0.62391,0.5663,0.5663,0.56141,0.62391,0.57028,0.59264,0.68532,0.6432,0.58747,0.68532,0.56141,0.56928,0.59368,0.5663,0.59264,0.59473,0.5663,0.65372,0.57127,0.56433,0.56141,0.59264,0.62391,0.58747,0.59368,0.56928,0.65372,0.56433,0.56141,0.5663,0.68532,0.65372,0.57127
0.059845,-0.047866,-0.054769,-0.01644,-0.054769,0.061076,0.017856,-0.047866,0.061076,0.056863,0.059845,-0.01644,0.04855,0.050389,-0.047866,0.020338,0.056863,0.020338,0.059845,0.017856,0.056863,0.021168,0.04044,-0.01644,-0.01644,0.054166,0.04855,0.050389,0.0084634,0.056863,0.04044,0.0084634,0.0034763,0.017856,0.054166,-0.01644,0.017856,0.050389,-0.01644,0.059845,-0.01644,-0.047866,0.04044,0.056863,-0.01644,0.061076,0.04044,0.04044,0.0034763,0.054166,0.059845,0.056863,0.0034763,0.04855,0.054166,0.054166,0.020338,-0.047866,0.050389,0.035831,0.059845,0.0034763,0.059845,0.035831,0.020338,-0.047866,0.035831,0.059845,0.059845,0.0084634,0.0034763,0.0084634,-0.01644,0.0034763,-0.054769,0.050389,0.061076,-0.047866,0.017856,0.056863,-0.047866,-0.01644,0.061076,0.056863,-0.054769,-0.01644,0.059845,-0.054769,-0.054769,0.0034763,0.054166,-0.01644,0.020338,-0.01644,0.035831,0.0034763,0.056863,0.0034763,0.035831,0.0084634,0.061076,0.0034763,-0.054769,-0.047866,0.059845,-0.054769,0.061076,-0.054769,0.059845,0.056863,0.020338,0.054166,0.0034763,0.061076,0.059845,0.061076,0.0034763,0.054166,0.059845,-0.047866,0.035831,0.050389,0.050389,0.061076,0.04044,0.050389,0.017856,0.054166,-0.054769,0.04044,0.017856,0.035831,0.020338,0.056863,0.04044,0.061076,-0.054769,0.050389,0.04044,0.020338,0.050389,-0.054769,0.017856,-0.054769,0.020338,0.035831,-0.054769,0.04044,0.054166,0.0084634,0.0034763,-0.01644,-0.047866,0.020338,0.035831,0.059845,0.0084634,-0.047866,0.0034763,0.054166,0.050389,0.0084634,0.0084634,-0.047866,0.0034763,0.059845,-0.01644,0.035831,0.035831,0.050389,-0.01644,0.04044,0.061076,-0.047866,0.0034763,0.017856,-0.047866,0.050389,0.056863,0.054166,0.059845,0.061076,0.0084634,0.021168,-0.054769,0.020338,0.04855,0.050389,0.061076,-0.01644,0.017856,0.054166,0.056863,-0.054769,0.04855,0.050389,0.059845,-0.047866,-0.054769,0.020338
-0.029447,0.026959,0.010715,0.098967,0.010715,-0.031234,-0.010186,0.026959,-0.031234,0.033909,-0.029447,0.098967,0.028314,-0.042439,0.026959,-0.049671,0.033909,-0.049671,-0.029447,-0.010186,0.033909,0.022203,-0.036174,0.098967,0.098967,-0.01741,0.028314,-0.042439,0.0063433,0.033909,-0.036174,0.0063433,0.14602,-0.010186,-0.01741,0.098967,-0.010186,-0.042439,0.098967,-0.029447,0.098967,0.026959,-0.036174,0.033909,0.098967,-0.031234,-0.036174,-0.036174,0.14602,-0.01741,-0.029447,0.033909,0.14602,0.028314,-0.01741,-0.01741,-0.049671,0.026959,-0.042439,0.037955,-0.029447,0.14602,-0.029447,0.037955,-0.049671,0.026959,0.037955,-0.029447,-0.029447,0.0063433,0.14602,0.0063433,0.098967,0.14602,0.010715,-0.042439,-0.031234,0.026959,-0.010186,0.033909,0.026959,0.098967,-0.031234,0.033909,0.010715,0.098967,-0.029447,0.010715,0.010715,0.14602,-0.01741,0.098967,-0.049671,0.098967,0.037955,0.14602,0.033909,0.14602,0.037955,0.0063433,-0.031234,0.14602,0.010715,0.026959,-0.029447,0.010715,-0.031234,0.010715,-0.029447,0.033909,-0.049671,-0.01741,0.14602,-0.031234,-0.029447,-0.031234,0.14602,-0.01741,-0.029447,0.026959,0.037955,-0.042439,-0.042439,-0.031234,-0.036174,-0.042439,-0.010186,-0.01741,0.010715,-0.036174,-0.010186,0.037955,-0.049671,0.033909,-0.036174,-0.031234,0.010715,-0.042439,-0.036174,-0.049671,-0.042439,0.010715,-0.010186,0.010715,-0.049671,0.037955,0.010715,-0.036174,-0.01741,0.0063433,0.14602,0.098967,0.026959,-0.049671,0.037955,-0.029447,0.0063433,0.026959,0.14602,-0.01741,-0.042439,0.0063433,0.0063433,0.026959,0.14602,-0.029447,0.098967,0.037955,0.037955,-0.042439,0.098967,-0.036174,-0.031234,0.026959,0.14602,-0.010186,0.026959,-0.042439,0.033909,-0.01741,-0.029447,-0.031234,0.0063433,0.022203,0.010715,-0.049671,0.028314,-0.042439,-0.031234,0.098967,-0.010186,-0.01741,0.033909,0.010715,0.028314,-0.042439,-0.029447,0.026959,0.010715,-0.049671
0.013008,0.19989,-0.01397,-0.062502,-0.01397,0.041387,0.0020702,0.19989,0.041387,0.049083,0.013008,-0.062502,0.11352,0.15086,0.19989,0.055995,0.049083,0.055995,0.013008,0.0020702,0.049083,0.19095,-0.011771,-0.062502,-0.062502,0.057691,0.11352,0.15086,0.22812,0.049083,-0.011771,0.22812,-0.054699,0.0020702,0.057691,-0.062502,0.0020702,0.15086,-0.062502,0.013008,-0.062502,0.19989,-0.011771,0.049083,-0.062502,0.041387,-0.011771,-0.011771,-0.054699,0.057691,0.013008,0.049083,-0.054699,0.11352,0.057691,0.057691,0.055995,0.19989,0.15086,0.021168,0.013008,-0.054699,0.013008,0.021168,0.055995,0.19989,0.021168,0.013008,0.013008,0.22812,-0.054699,0.22812,-0.062502,-0.054699,-0.01397,0.15086,0.041387,0.19989,0.0020702,0.049083,0.19989,-0.062502,0.041387,0.049083,-0.01397,-0.062502,0.013008,-0.01397,-0.01397,-0.054699,0.057691,-0.062502,0.055995,-0.062502,0.021168,-0.054699,0.049083,-0.054699,0.021168,0.22812,0.041387,-0.054699,-0.01397,0.19989,0.013008,-0.01397,0.041387,-0.01397,0.013008,0.049083,0.055995,0.057691,-0.054699,0.041387,0.013008,0.041387,-0.054699,0.057691,0.013008,0.19989,0.021168,0.15086,0.15086,0.041387,-0.011771,0.15086,0.0020702,0.057691,-0.01397,-0.011771,0.0020702,0.021168,0.055995,0.049083,-0.011771,0.041387,-0.01397,0.15086,-0.011771,0.055995,0.15086,-0.01397,0.0020702,-0.01397,0.055995,0.021168,-0.01397,-0.011771,0.057691,0.22812,-0.054699,-0.062502,0.19989,0.055995,0.021168,0.013008,0.22812,0.19989,-0.054699,0.057691,0.15086,0.22812,0.22812,0.19989,-0.054699,0.013008,-0.062502,0.021168,0.021168,0.15086,-0.062502,-0.011771,0.041387,0.19989,-0.054699,0.0020702,0.19989,0.15086,0.049083,0.057691,0.013008,0.041387,0.22812,0.19095,-0.01397,0.055995,0.11352,0.15086,0.041387,-0.062502,0.0020702,0.057691,0.049083,-0.01397,0.11352,0.15086,0.013008,0.19989,-0.01397,0.055995
-0.060268,-0.02686,0.070494,0.06898,0.070494,0.021318,0.034225,-0.02686,0.021318,-0.069949,-0.060268,0.06898,-0.068304,-0.059595,-0.02686,-0.050547,-0.069949,-0.050547,-0.060268,0.034225,-0.069949,-0.060268,-0.052181,0.06898,0.06898,0.020282,-0.068304,-0.059595,0.0303,-0.069949,-0.052181,0.0303,0.0081682,0.034225,0.020282,0.06898,0.034225,-0.059595,0.06898,-0.060268,0.06898,-0.02686,-0.052181,-0.069949,0.06898,0.021318,-0.052181,-0.052181,0.0081682,0.020282,-0.060268,-0.069949,0.0081682,-0.068304,0.020282,0.020282,-0.050547,-0.02686,-0.059595,-0.061974,-0.060268,0.0081682,-0.060268,-0.061974,-0.050547,-0.02686,-0.061974,-0.060268,-0.060268,0.0303,0.0081682,0.0303,0.06898,0.0081682,0.070494,-0.059595,0.021318,-0.02686,0.034225,-0.069949,-0.02686,0.06898,0.021318,-0.069949,0.070494,0.06898,-0.060268,0.070494,0.070494,0.0081682,0.020282,0.06898,-0.050547,0.06898,-0.061974,0.0081682,-0.069949,0.0081682,-0.061974,0.0303,0.021318,0.0081682,0.070494,-0.02686,-0.060268,0.070494,0.021318,0.070494,-0.060268,-0.069949,-0.050547,0.020282,0.0081682,0.021318,-0.060268,0.021318,0.0081682,0.020282,-0.060268,-0.02686,-0.061974,-0.059595,-0.059595,0.021318,-0.052181,-0.059595,0.034225,0.020282,0.070494,-0.052181,0.034225,-0.061974,-0.050547,-0.069949,-0.052181,0.021318,0.070494,-0.059595,-0.052181,-0.050547,-0.059595,0.070494,0.034225,0.070494,-0.050547,-0.061974,0.070494,-0.052181,0.020282,0.0303,0.0081682,0.06898,-0.02686,-0.050547,-0.061974,-0.060268,0.0303,-0.02686,0.0081682,0.020282,-0.059595,0.0303,0.0303,-0.02686,0.0081682,-0.060268,0.06898,-0.061974,-0.061974,-0.059595,0.06898,-0.052181,0.021318,-0.02686,0.0081682,0.034225,-0.02686,-0.059595,-0.069949,0.020282,-0.060268,0.021318,0.0303,-0.060268,0.070494,-0.050547,-0.068304,-0.059595,0.021318,0.06898,0.034225,0.020282,-0.069949,0.070494,-0.068304,-0.059595,-0.060268,-0.02686,0.070494,-0.050547
0.044417,0.003774,0.024134,0.039328,0.024134,0.24128,0.16135,0.003774,0.24128,0.090369,0.044417,0.039328,0.11352,0.15218,0.003774,0.15294,0.090369,0.15294,0.044417,0.16135,0.090369,0.099341,0.050308,0.039328,0.039328,0.015956,0.11352,0.15218,0.011664,0.090369,0.050308,0.011664,0,0.16135,0.015956,0.039328,0.16135,0.15218,0.039328,0.044417,0.039328,0.003774,0.050308,0.090369,0.039328,0.24128,0.050308,0.050308,0,0.015956,0.044417,0.090369,0,0.11352,0.015956,0.015956,0.15294,0.003774,0.15218,0.11528,0.044417,0,0.044417,0.11528,0.15294,0.003774,0.11528,0.044417,0.044417,0.011664,0,0.011664,0.039328,0,0.024134,0.15218,0.24128,0.003774,0.16135,0.090369,0.003774,0.039328,0.24128,0.090369,0.024134,0.039328,0.044417,0.024134,0.024134,0,0.015956,0.039328,0.15294,0.039328,0.11528,0,0.090369,0,0.11528,0.011664,0.24128,0,0.024134,0.003774,0.044417,0.024134,0.24128,0.024134,0.044417,0.090369,0.15294,0.015956,0,0.24128,0.044417,0.24128,0,0.015956,0.044417,0.003774,0.11528,0.15218,0.15218,0.24128,0.050308,0.15218,0.16135,0.015956,0.024134,0.050308,0.16135,0.11528,0.15294,0.090369,0.050308,0.24128,0.024134,0.15218,0.050308,0.15294,0.15218,0.024134,0.16135,0.024134,0.15294,0.11528,0.024134,0.050308,0.015956,0.011664,0,0.039328,0.003774,0.15294,0.11528,0.044417,0.011664,0.003774,0,0.015956,0.15218,0.011664,0.011664,0.003774,0,0.044417,0.039328,0.11528,0.11528,0.15218,0.039328,0.050308,0.24128,0.003774,0,0.16135,0.003774,0.15218,0.090369,0.015956,0.044417,0.24128,0.011664,0.099341,0.024134,0.15294,0.11352,0.15218,0.24128,0.039328,0.16135,0.015956,0.090369,0.024134,0.11352,0.15218,0.044417,0.003774,0.024134,0.15294
0.12786,0.1099,0.013131,0.042939,0.013131,-0.060351,-0.062333,0.1099,-0.060351,-0.0098087,0.12786,0.042939,-0.0096859,0.10787,0.1099,0.14628,-0.0098087,0.14628,0.12786,-0.062333,-0.0098087,-0.021123,0.13287,0.042939,0.042939,-0.060485,-0.0096859,0.10787,-0.06333,-0.0098087,0.13287,-0.06333,0.082348,-0.062333,-0.060485,0.042939,-0.062333,0.10787,0.042939,0.12786,0.042939,0.1099,0.13287,-0.0098087,0.042939,-0.060351,0.13287,0.13287,0.082348,-0.060485,0.12786,-0.0098087,0.082348,-0.0096859,-0.060485,-0.060485,0.14628,0.1099,0.10787,-0.025761,0.12786,0.082348,0.12786,-0.025761,0.14628,0.1099,-0.025761,0.12786,0.12786,-0.06333,0.082348,-0.06333,0.042939,0.082348,0.013131,0.10787,-0.060351,0.1099,-0.062333,-0.0098087,0.1099,0.042939,-0.060351,-0.0098087,0.013131,0.042939,0.12786,0.013131,0.013131,0.082348,-0.060485,0.042939,0.14628,0.042939,-0.025761,0.082348,-0.0098087,0.082348,-0.025761,-0.06333,-0.060351,0.082348,0.013131,0.1099,0.12786,0.013131,-0.060351,0.013131,0.12786,-0.0098087,0.14628,-0.060485,0.082348,-0.060351,0.12786,-0.060351,0.082348,-0.060485,0.12786,0.1099,-0.025761,0.10787,0.10787,-0.060351,0.13287,0.10787,-0.062333,-0.060485,0.013131,0.13287,-0.062333,-0.025761,0.14628,-0.0098087,0.13287,-0.060351,0.013131,0.10787,0.13287,0.14628,0.10787,0.013131,-0.062333,0.013131,0.14628,-0.025761,0.013131,0.13287,-0.060485,-0.06333,0.082348,0.042939,0.1099,0.14628,-0.025761,0.12786,-0.06333,0.1099,0.082348,-0.060485,0.10787,-0.06333,-0.06333,0.1099,0.082348,0.12786,0.042939,-0.025761,-0.025761,0.10787,0.042939,0.13287,-0.060351,0.1099,0.082348,-0.062333,0.1099,0.10787,-0.0098087,-0.060485,0.12786,-0.060351,-0.06333,-0.021123,0.013131,0.14628,-0.0096859,0.10787,-0.060351,0.042939,-0.062333,-0.060485,-0.0098087,0.013131,-0.0096859,0.10787,0.12786,0.1099,0.013131,0.14628
0.048758,0.048346,0.29788,0.029808,0.29788,0.10921,0.11827,0.048346,0.10921,0.041435,0.048758,0.029808,0.010934,0.022972,0.048346,0.050423,0.041435,0.050423,0.048758,0.11827,0.041435,0.013008,0.16338,0.029808,0.029808,0.10175,0.010934,0.022972,0.10326,0.041435,0.16338,0.10326,0.035893,0.11827,0.10175,0.029808,0.11827,0.022972,0.029808,0.048758,0.029808,0.048346,0.16338,0.041435,0.029808,0.10921,0.16338,0.16338,0.035893,0.10175,0.048758,0.041435,0.035893,0.010934,0.10175,0.10175,0.050423,0.048346,0.022972,0.067731,0.048758,0.035893,0.048758,0.067731,0.050423,0.048346,0.067731,0.048758,0.048758,0.10326,0.035893,0.10326,0.029808,0.035893,0.29788,0.022972,0.10921,0.048346,0.11827,0.041435,0.048346,0.029808,0.10921,0.041435,0.29788,0.029808,0.048758,0.29788,0.29788,0.035893,0.10175,0.029808,0.050423,0.029808,0.067731,0.035893,0.041435,0.035893,0.067731,0.10326,0.10921,0.035893,0.29788,0.048346,0.048758,0.29788,0.10921,0.29788,0.048758,0.041435,0.050423,0.10175,0.035893,0.10921,0.048758,0.10921,0.035893,0.10175,0.048758,0.048346,0.067731,0.022972,0.022972,0.10921,0.16338,0.022972,0.11827,0.10175,0.29788,0.16338,0.11827,0.067731,0.050423,0.041435,0.16338,0.10921,0.29788,0.022972,0.16338,0.050423,0.022972,0.29788,0.11827,0.29788,0.050423,0.067731,0.29788,0.16338,0.10175,0.10326,0.035893,0.029808,0.048346,0.050423,0.067731,0.048758,0.10326,0.048346,0.035893,0.10175,0.022972,0.10326,0.10326,0.048346,0.035893,0.048758,0.029808,0.067731,0.067731,0.022972,0.029808,0.16338,0.10921,0.048346,0.035893,0.11827,0.048346,0.022972,0.041435,0.10175,0.048758,0.10921,0.10326,0.013008,0.29788,0.050423,0.010934,0.022972,0.10921,0.029808,0.11827,0.10175,0.041435,0.29788,0.010934,0.022972,0.048758,0.048346,0.29788,0.050423
0.13556,0.02172,0.062502,0.21965,0.062502,0.097713,0.11697,0.02172,0.097713,0.10366,0.13556,0.21965,0.26641,0.15614,0.02172,0.14628,0.10366,0.14628,0.13556,0.11697,0.10366,0.10298,0.30469,0.21965,0.21965,0.22138,0.26641,0.15614,0.093098,0.10366,0.30469,0.093098,0.029743,0.11697,0.22138,0.21965,0.11697,0.15614,0.21965,0.13556,0.21965,0.02172,0.30469,0.10366,0.21965,0.097713,0.30469,0.30469,0.029743,0.22138,0.13556,0.10366,0.029743,0.26641,0.22138,0.22138,0.14628,0.02172,0.15614,0.16872,0.13556,0.029743,0.13556,0.16872,0.14628,0.02172,0.16872,0.13556,0.13556,0.093098,0.029743,0.093098,0.21965,0.029743,0.062502,0.15614,0.097713,0.02172,0.11697,0.10366,0.02172,0.21965,0.097713,0.10366,0.062502,0.21965,0.13556,0.062502,0.062502,0.029743,0.22138,0.21965,0.14628,0.21965,0.16872,0.029743,0.10366,0.029743,0.16872,0.093098,0.097713,0.029743,0.062502,0.02172,0.13556,0.062502,0.097713,0.062502,0.13556,0.10366,0.14628,0.22138,0.029743,0.097713,0.13556,0.097713,0.029743,0.22138,0.13556,0.02172,0.16872,0.15614,0.15614,0.097713,0.30469,0.15614,0.11697,0.22138,0.062502,0.30469,0.11697,0.16872,0.14628,0.10366,0.30469,0.097713,0.062502,0.15614,0.30469,0.14628,0.15614,0.062502,0.11697,0.062502,0.14628,0.16872,0.062502,0.30469,0.22138,0.093098,0.029743,0.21965,0.02172,0.14628,0.16872,0.13556,0.093098,0.02172,0.029743,0.22138,0.15614,0.093098,0.093098,0.02172,0.029743,0.13556,0.21965,0.16872,0.16872,0.15614,0.21965,0.30469,0.097713,0.02172,0.029743,0.11697,0.02172,0.15614,0.10366,0.22138,0.13556,0.097713,0.093098,0.10298,0.062502,0.14628,0.26641,0.15614,0.097713,0.21965,0.11697,0.22138,0.10366,0.062502,0.26641,0.15614,0.13556,0.02172,0.062502,0.14628
-0.015284,-0.0078498,0.027267,0.019588,0.027267,-0.026288,0.0027963,-0.0078498,-0.026288,-0.022003,-0.015284,0.019588,-0.022357,-0.010062,-0.0078498,0.020044,-0.022003,0.020044,-0.015284,0.0027963,-0.022003,0.0052754,0.012906,0.019588,0.019588,-0.023145,-0.022357,-0.010062,0.0089121,-0.022003,0.012906,0.0089121,-0.013502,0.0027963,-0.023145,0.019588,0.0027963,-0.010062,0.019588,-0.015284,0.019588,-0.0078498,0.012906,-0.022003,0.019588,-0.026288,0.012906,0.012906,-0.013502,-0.023145,-0.015284,-0.022003,-0.013502,-0.022357,-0.023145,-0.023145,0.020044,-0.0078498,-0.010062,0.0019741,-0.015284,-0.013502,-0.015284,0.0019741,0.020044,-0.0078498,0.0019741,-0.015284,-0.015284,0.0089121,-0.013502,0.0089121,0.019588,-0.013502,0.027267,-0.010062,-0.026288,-0.0078498,0.0027963,-0.022003,-0.0078498,0.019588,-0.026288,-0.022003,0.027267,0.019588,-0.015284,0.027267,0.027267,-0.013502,-0.023145,0.019588,0.020044,0.019588,0.0019741,-0.013502,-0.022003,-0.013502,0.0019741,0.0089121,-0.026288,-0.013502,0.027267,-0.0078498,-0.015284,0.027267,-0.026288,0.027267,-0.015284,-0.022003,0.020044,-0.023145,-0.013502,-0.026288,-0.015284,-0.026288,-0.013502,-0.023145,-0.015284,-0.0078498,0.0019741,-0.010062,-0.010062,-0.026288,0.012906,-0.010062,0.0027963,-0.023145,0.027267,0.012906,0.0027963,0.0019741,0.020044,-0.022003,0.012906,-0.026288,0.027267,-0.010062,0.012906,0.020044,-0.010062,0.027267,0.0027963,0.027267,0.020044,0.0019741,0.027267,0.012906,-0.023145,0.0089121,-0.013502,0.019588,-0.0078498,0.020044,0.0019741,-0.015284,0.0089121,-0.0078498,-0.013502,-0.023145,-0.010062,0.0089121,0.0089121,-0.0078498,-0.013502,-0.015284,0.019588,0.0019741,0.0019741,-0.010062,0.019588,0.012906,-0.026288,-0.0078498,-0.013502,0.0027963,-0.0078498,-0.010062,-0.022003,-0.023145,-0.015284,-0.026288,0.0089121,0.0052754,0.027267,0.020044,-0.022357,-0.010062,-0.026288,0.019588,0.0027963,-0.023145,-0.022003,0.027267,-0.022357,-0.010062,-0.015284,-0.0078498,0.027267,0.020044
0.0061172,0.0023709,-0.0034912,-0.0040269,-0.0034912,0.0048547,-0.0033381,0.0023709,0.0048547,0.013212,0.0061172,-0.0040269,0.010361,0.0080974,0.0023709,-0.0024702,0.013212,-0.0024702,0.0061172,-0.0033381,0.013212,0.0028388,-0.0041198,-0.0040269,-0.0040269,0.0057474,0.010361,0.0080974,-0.00017771,0.013212,-0.0041198,-0.00017771,0.0010823,-0.0033381,0.0057474,-0.0040269,-0.0033381,0.0080974,-0.0040269,0.0061172,-0.0040269,0.0023709,-0.0041198,0.013212,-0.0040269,0.0048547,-0.0041198,-0.0041198,0.0010823,0.0057474,0.0061172,0.013212,0.0010823,0.010361,0.0057474,0.0057474,-0.0024702,0.0023709,0.0080974,0.0026852,0.0061172,0.0010823,0.0061172,0.0026852,-0.0024702,0.0023709,0.0026852,0.0061172,0.0061172,-0.00017771,0.0010823,-0.00017771,-0.0040269,0.0010823,-0.0034912,0.0080974,0.0048547,0.0023709,-0.0033381,0.013212,0.0023709,-0.0040269,0.0048547,0.013212,-0.0034912,-0.0040269,0.0061172,-0.0034912,-0.0034912,0.0010823,0.0057474,-0.0040269,-0.0024702,-0.0040269,0.0026852,0.0010823,0.013212,0.0010823,0.0026852,-0.00017771,0.0048547,0.0010823,-0.0034912,0.0023709,0.0061172,-0.0034912,0.0048547,-0.0034912,0.0061172,0.013212,-0.0024702,0.0057474,0.0010823,0.0048547,0.0061172,0.0048547,0.0010823,0.0057474,0.0061172,0.0023709,0.0026852,0.0080974,0.0080974,0.0048547,-0.0041198,0.0080974,-0.0033381,0.0057474,-0.0034912,-0.0041198,-0.0033381,0.0026852,-0.0024702,0.013212,-0.0041198,0.0048547,-0.0034912,0.0080974,-0.0041198,-0.0024702,0.0080974,-0.0034912,-0.0033381,-0.0034912,-0.0024702,0.0026852,-0.0034912,-0.0041198,0.0057474,-0.00017771,0.0010823,-0.0040269,0.0023709,-0.0024702,0.0026852,0.0061172,-0.00017771,0.0023709,0.0010823,0.0057474,0.0080974,-0.00017771,-0.00017771,0.0023709,0.0010823,0.0061172,-0.0040269,0.0026852,0.0026852,0.0080974,-0.0040269,-0.0041198,0.0048547,0.0023709,0.0010823,-0.0033381,0.0023709,0.0080974,0.013212,0.0057474,0.0061172,0.0048547,-0.00017771,0.0028388,-0.0034912,-0.0024702,0.010361,0.0080974,0.0048547,-0.0040269,-0.0033381,0.0057474,0.013212,-0.0034912,0.010361,0.0080974,0.0061172,0.0023709,-0.0034912,-0.0024702
-0.040725,-0.0059419,-0.01596,-0.045094,-0.01596,-0.0035156,-0.012609,-0.0059419,-0.0035156,-0.01701,-0.040725,-0.045094,0.007117,-0.015066,-0.0059419,-0.019043,-0.01701,-0.019043,-0.040725,-0.012609,-0.01701,0.0025765,-0.047477,-0.045094,-0.045094,0.018954,0.007117,-0.015066,0.0062755,-0.01701,-0.047477,0.0062755,-0.034064,-0.012609,0.018954,-0.045094,-0.012609,-0.015066,-0.045094,-0.040725,-0.045094,-0.0059419,-0.047477,-0.01701,-0.045094,-0.0035156,-0.047477,-0.047477,-0.034064,0.018954,-0.040725,-0.01701,-0.034064,0.007117,0.018954,0.018954,-0.019043,-0.0059419,-0.015066,-0.02081,-0.040725,-0.034064,-0.040725,-0.02081,-0.019043,-0.0059419,-0.02081,-0.040725,-0.040725,0.0062755,-0.034064,0.0062755,-0.045094,-0.034064,-0.01596,-0.015066,-0.0035156,-0.0059419,-0.012609,-0.01701,-0.0059419,-0.045094,-0.0035156,-0.01701,-0.01596,-0.045094,-0.040725,-0.01596,-0.01596,-0.034064,0.018954,-0.045094,-0.019043,-0.045094,-0.02081,-0.034064,-0.01701,-0.034064,-0.02081,0.0062754,-0.0035156,-0.034064,-0.01596,-0.0059419,-0.040725,-0.01596,-0.0035156,-0.01596,-0.040725,-0.01701,-0.019043,0.018954,-0.034064,-0.0035156,-0.040725,-0.0035156,-0.034064,0.018954,-0.040725,-0.0059419,-0.02081,-0.015066,-0.015066,-0.0035156,-0.047477,-0.015066,-0.012609,0.018954,-0.01596,-0.047477,-0.012609,-0.02081,-0.019043,-0.01701,-0.047477,-0.0035156,-0.01596,-0.015066,-0.047477,-0.019043,-0.015066,-0.01596,-0.012609,-0.01596,-0.019043,-0.02081,-0.01596,-0.047477,0.018954,0.0062754,-0.034064,-0.045094,-0.0059419,-0.019043,-0.02081,-0.040725,0.0062755,-0.0059419,-0.034064,0.018954,-0.015066,0.0062755,0.0062755,-0.0059419,-0.034064,-0.040725,-0.045094,-0.02081,-0.02081,-0.015066,-0.045094,-0.047477,-0.0035156,-0.0059419,-0.034064,-0.012609,-0.0059419,-0.015066,-0.01701,0.018954,-0.040725,-0.0035156,0.0062755,0.0025765,-0.01596,-0.019043,0.007117,-0.015066,-0.0035156,-0.045094,-0.012609,0.018954,-0.01701,-0.01596,0.007117,-0.015066,-0.040725,-0.0059419,-0.01596,-0.019043
-0.049727,-0.0057569,-0.020309,-0.025413,-0.020309,0.0029498,-0.017078,-0.0057569,0.0029498,-0.033696,-0.049727,-0.025413,-0.027755,-0.048904,-0.0057569,-0.064893,-0.033696,-0.064893,-0.049727,-0.017078,-0.033696,-0.048904,-0.067906,-0.025413,-0.025413,0.0067756,-0.027755,-0.048904,-0.010451,-0.033696,-0.067906,-0.010451,-0.01042,-0.017078,0.0067756,-0.025413,-0.017078,-0.048904,-0.025413,-0.049727,-0.025413,-0.0057569,-0.067906,-0.033696,-0.025413,0.0029498,-0.067906,-0.067906,-0.01042,0.0067756,-0.049727,-0.033696,-0.01042,-0.027755,0.0067756,0.0067756,-0.064893,-0.0057569,-0.048904,-0.057844,-0.049727,-0.01042,-0.049727,-0.057844,-0.064893,-0.0057569,-0.057844,-0.049727,-0.049727,-0.010451,-0.01042,-0.010451,-0.025413,-0.01042,-0.020309,-0.048904,0.0029498,-0.0057569,-0.017078,-0.033696,-0.0057569,-0.025413,0.0029498,-0.033696,-0.020309,-0.025413,-0.049727,-0.020309,-0.020309,-0.01042,0.0067756,-0.025413,-0.064893,-0.025413,-0.057844,-0.01042,-0.033696,-0.01042,-0.057844,-0.010451,0.0029498,-0.01042,-0.020309,-0.0057569,-0.049727,-0.020309,0.0029498,-0.020309,-0.049727,-0.033696,-0.064893,0.0067756,-0.01042,0.0029498,-0.049727,0.0029498,-0.01042,0.0067756,-0.049727,-0.0057569,-0.057844,-0.048904,-0.048904,0.0029498,-0.067906,-0.048904,-0.017078,0.0067756,-0.020309,-0.067906,-0.017078,-0.057844,-0.064893,-0.033696,-0.067906,0.0029498,-0.020309,-0.048904,-0.067906,-0.064893,-0.048904,-0.020309,-0.017078,-0.020309,-0.064893,-0.057844,-0.020309,-0.067906,0.0067756,-0.010451,-0.01042,-0.025413,-0.0057569,-0.064893,-0.057844,-0.049727,-0.010451,-0.0057569,-0.01042,0.0067756,-0.048904,-0.010451,-0.010451,-0.0057569,-0.01042,-0.049727,-0.025413,-0.057844,-0.057844,-0.048904,-0.025413,-0.067906,0.0029498,-0.0057569,-0.01042,-0.017078,-0.0057569,-0.048904,-0.033696,0.0067756,-0.049727,0.0029498,-0.010451,-0.048904,-0.020309,-0.064893,-0.027755,-0.048904,0.0029498,-0.025413,-0.017078,0.0067756,-0.033696,-0.020309,-0.027755,-0.048904,-0.049727,-0.0057569,-0.020309,-0.064893
-0.00093454,0.0050604,0.016897,0.0095632,0.016897,-0.022769,-0.012938,0.0050604,-0.022769,-0.023398,-0.00093454,0.0095632,-0.017572,0.0059786,0.0050604,0.01219,-0.023398,0.01219,-0.00093454,-0.012938,-0.023398,-0.0093654,0.0056942,0.0095632,0.0095632,-0.024447,-0.017572,0.0059786,-0.010008,-0.023398,0.0056942,-0.010008,-0.0033008,-0.012938,-0.024447,0.0095632,-0.012938,0.0059786,0.0095632,-0.00093454,0.0095632,0.0050604,0.0056942,-0.023398,0.0095632,-0.022769,0.0056942,0.0056942,-0.0033008,-0.024447,-0.00093454,-0.023398,-0.0033008,-0.017572,-0.024447,-0.024447,0.01219,0.0050604,0.0059786,-0.014809,-0.00093454,-0.0033008,-0.00093454,-0.014809,0.01219,0.0050604,-0.014809,-0.00093454,-0.00093454,-0.010008,-0.0033008,-0.010008,0.0095632,-0.0033008,0.016897,0.0059786,-0.022769,0.0050604,-0.012938,-0.023398,0.0050604,0.0095632,-0.022769,-0.023398,0.016897,0.0095632,-0.00093454,0.016897,0.016897,-0.0033008,-0.024447,0.0095632,0.01219,0.0095632,-0.014809,-0.0033008,-0.023398,-0.0033008,-0.014809,-0.010008,-0.022769,-0.0033008,0.016897,0.0050604,-0.00093454,0.016897,-0.022769,0.016897,-0.00093454,-0.023398,0.01219,-0.024447,-0.0033008,-0.022769,-0.00093454,-0.022769,-0.0033008,-0.024447,-0.00093454,0.0050604,-0.014809,0.0059786,0.0059786,-0.022769,0.0056942,0.0059786,-0.012938,-0.024447,0.016897,0.0056942,-0.012938,-0.014809,0.01219,-0.023398,0.0056942,-0.022769,0.016897,0.0059786,0.0056942,0.01219,0.0059786,0.016897,-0.012938,0.016897,0.01219,-0.014809,0.016897,0.0056942,-0.024447,-0.010008,-0.0033008,0.0095632,0.0050604,0.01219,-0.014809,-0.00093454,-0.010008,0.0050604,-0.0033008,-0.024447,0.0059786,-0.010008,-0.010008,0.0050604,-0.0033008,-0.00093454,0.0095632,-0.014809,-0.014809,0.0059786,0.0095632,0.0056942,-0.022769,0.0050604,-0.0033008,-0.012938,0.0050604,0.0059786,-0.023398,-0.024447,-0.00093454,-0.022769,-0.010008,-0.0093654,0.016897,0.01219,-0.017572,0.0059786,-0.022769,0.0095632,-0.012938,-0.024447,-0.023398,0.016897,-0.017572,0.0059786,-0.00093454,0.0050604,0.016897,0.01219
0.02598,0.00040889,0.008027,0.035286,0.008027,-0.014261,-0.004845,0.00040889,-0.014261,-0.0069009,0.02598,0.035286,-0.04328,0.0034733,0.00040889,0.0078147,-0.0069009,0.0078147,0.02598,-0.004845,-0.0069009,-0.032163,0.030196,0.035286,0.035286,-0.05232,-0.04328,0.0034733,-0.037422,-0.0069009,0.030196,-0.037422,0.02549,-0.004845,-0.05232,0.035286,-0.004845,0.0034733,0.035286,0.02598,0.035286,0.00040889,0.030196,-0.0069009,0.035286,-0.014261,0.030196,0.030196,0.02549,-0.05232,0.02598,-0.0069009,0.02549,-0.04328,-0.05232,-0.05232,0.0078147,0.00040889,0.0034733,-0.0008805,0.02598,0.02549,0.02598,-0.0008805,0.0078147,0.00040889,-0.0008805,0.02598,0.02598,-0.037422,0.02549,-0.037422,0.035286,0.02549,0.008027,0.0034733,-0.014261,0.00040889,-0.004845,-0.0069009,0.00040889,0.035286,-0.014261,-0.0069009,0.008027,0.035286,0.02598,0.008027,0.008027,0.02549,-0.05232,0.035286,0.0078147,0.035286,-0.0008805,0.02549,-0.0069009,0.02549,-0.0008805,-0.037422,-0.014261,0.02549,0.008027,0.00040889,0.02598,0.008027,-0.014261,0.008027,0.02598,-0.0069009,0.0078147,-0.05232,0.02549,-0.014261,0.02598,-0.014261,0.02549,-0.05232,0.02598,0.00040889,-0.0008805,0.0034733,0.0034733,-0.014261,0.030196,0.0034733,-0.004845,-0.05232,0.008027,0.030196,-0.004845,-0.0008805,0.0078147,-0.0069009,0.030196,-0.014261,0.008027,0.0034733,0.030196,0.0078147,0.0034733,0.008027,-0.004845,0.008027,0.0078147,-0.0008805,0.008027,0.030196,-0.05232,-0.037422,0.02549,0.035286,0.00040889,0.0078147,-0.0008805,0.02598,-0.037422,0.00040889,0.02549,-0.05232,0.0034733,-0.037422,-0.037422,0.00040889,0.02549,0.02598,0.035286,-0.0008805,-0.0008805,0.0034733,0.035286,0.030196,-0.014261,0.00040889,0.02549,-0.004845,0.00040889,0.0034733,-0.0069009,-0.05232,0.02598,-0.014261,-0.037422,-0.032163,0.008027,0.0078147,-0.04328,0.0034733,-0.014261,0.035286,-0.004845,-0.05232,-0.0069009,0.008027,-0.04328,0.0034733,0.02598,0.00040889,0.008027,0.0078147
0.0055895,0.0096706,-0.0044518,-0.006777,-0.0044518,0.01964,0.0027867,0.0096706,0.01964,0.018293,0.0055895,-0.006777,0.022826,0.0095779,0.0096706,-0.00655,0.018293,-0.00655,0.0055895,0.0027867,0.018293,0.0089979,-0.005424,-0.006777,-0.006777,0.021299,0.022826,0.0095779,0.0071739,0.018293,-0.005424,0.0071739,0.008564,0.0027867,0.021299,-0.006777,0.0027867,0.0095779,-0.006777,0.0055895,-0.006777,0.0096706,-0.005424,0.018293,-0.006777,0.01964,-0.005424,-0.005424,0.008564,0.021299,0.0055895,0.018293,0.008564,0.022826,0.021299,0.021299,-0.00655,0.0096706,0.0095779,0.0036429,0.0055895,0.008564,0.0055895,0.0036429,-0.00655,0.0096706,0.0036429,0.0055895,0.0055895,0.0071739,0.008564,0.0071739,-0.006777,0.008564,-0.0044518,0.0095779,0.01964,0.0096706,0.0027867,0.018293,0.0096706,-0.006777,0.01964,0.018293,-0.0044518,-0.006777,0.0055895,-0.0044518,-0.0044518,0.008564,0.021299,-0.006777,-0.00655,-0.006777,0.0036429,0.008564,0.018293,0.008564,0.0036429,0.0071739,0.01964,0.008564,-0.0044518,0.0096706,0.0055895,-0.0044518,0.01964,-0.0044518,0.0055895,0.018293,-0.00655,0.021299,0.008564,0.01964,0.0055895,0.01964,0.008564,0.021299,0.0055895,0.0096706,0.0036429,0.0095779,0.0095779,0.01964,-0.005424,0.0095779,0.0027867,0.021299,-0.0044518,-0.005424,0.0027867,0.0036429,-0.00655,0.018293,-0.005424,0.01964,-0.0044518,0.0095779,-0.005424,-0.00655,0.0095779,-0.0044518,0.0027867,-0.0044518,-0.00655,0.0036429,-0.0044518,-0.005424,0.021299,0.0071739,0.008564,-0.006777,0.0096706,-0.00655,0.0036429,0.0055895,0.0071739,0.0096706,0.008564,0.021299,0.0095779,0.0071739,0.0071739,0.0096706,0.008564,0.0055895,-0.006777,0.0036429,0.0036429,0.0095779,-0.006777,-0.005424,0.01964,0.0096706,0.008564,0.0027867,0.0096706,0.0095779,0.018293,0.021299,0.0055895,0.01964,0.0071739,0.0089979,-0.0044518,-0.00655,0.022826,0.0095779,0.01964,-0.006777,0.0027867,0.021299,0.018293,-0.0044518,0.022826,0.0095779,0.0055895,0.0096706,-0.0044518,-0.00655
-0.069826,-0.014051,0.011723,-0.012908,0.011723,-0.028298,-0.0040529,-0.014051,-0.028298,-0.063752,-0.069826,-0.012908,-0.028038,-0.048003,-0.014051,-0.021684,-0.063752,-0.021684,-0.069826,-0.0040529,-0.063752,-0.010421,-0.035966,-0.012908,-0.012908,0.00031157,-0.028038,-0.048003,0.023291,-0.063752,-0.035966,0.023291,-0.044522,-0.0040529,0.00031157,-0.012908,-0.0040529,-0.048003,-0.012908,-0.069826,-0.012908,-0.014051,-0.035966,-0.063752,-0.012908,-0.028298,-0.035966,-0.035966,-0.044522,0.00031157,-0.069826,-0.063752,-0.044522,-0.028038,0.00031157,0.00031157,-0.021684,-0.014051,-0.048003,-0.035117,-0.069826,-0.044522,-0.069826,-0.035117,-0.021684,-0.014051,-0.035117,-0.069826,-0.069826,0.023291,-0.044522,0.023291,-0.012908,-0.044522,0.011723,-0.048003,-0.028298,-0.014051,-0.0040529,-0.063752,-0.014051,-0.012908,-0.028298,-0.063752,0.011723,-0.012908,-0.069826,0.011723,0.011723,-0.044522,0.00031157,-0.012908,-0.021684,-0.012908,-0.035117,-0.044522,-0.063752,-0.044522,-0.035117,0.023291,-0.028298,-0.044522,0.011723,-0.014051,-0.069826,0.011723,-0.028298,0.011723,-0.069826,-0.063752,-0.021684,0.00031157,-0.044522,-0.028298,-0.069826,-0.028298,-0.044522,0.00031157,-0.069826,-0.014051,-0.035117,-0.048003,-0.048003,-0.028298,-0.035966,-0.048003,-0.0040529,0.00031157,0.011723,-0.035966,-0.0040529,-0.035117,-0.021684,-0.063752,-0.035966,-0.028298,0.011723,-0.048003,-0.035966,-0.021684,-0.048003,0.011723,-0.0040529,0.011723,-0.021684,-0.035117,0.011723,-0.035966,0.00031157,0.023291,-0.044522,-0.012908,-0.014051,-0.021684,-0.035117,-0.069826,0.023291,-0.014051,-0.044522,0.00031157,-0.048003,0.023291,0.023291,-0.014051,-0.044522,-0.069826,-0.012908,-0.035117,-0.035117,-0.048003,-0.012908,-0.035966,-0.028298,-0.014051,-0.044522,-0.0040529,-0.014051,-0.048003,-0.063752,0.00031157,-0.069826,-0.028298,0.023291,-0.010421,0.011723,-0.021684,-0.028038,-0.048003,-0.028298,-0.012908,-0.0040529,0.00031157,-0.063752,0.011723,-0.028038,-0.048003,-0.069826,-0.014051,0.011723,-0.021684
-0.047469,-0.015525,-0.031823,-0.038568,-0.031823,-0.041032,-0.058697,-0.015525,-0.041032,-0.054199,-0.047469,-0.038568,-0.047612,-0.038643,-0.015525,-0.052251,-0.054199,-0.052251,-0.047469,-0.058697,-0.054199,-0.062764,-0.060715,-0.038568,-0.038568,-0.030953,-0.047612,-0.038643,-0.047299,-0.054199,-0.060715,-0.047299,-0.023218,-0.058697,-0.030953,-0.038568,-0.058697,-0.038643,-0.038568,-0.047469,-0.038568,-0.015525,-0.060715,-0.054199,-0.038568,-0.041032,-0.060715,-0.060715,-0.023218,-0.030953,-0.047469,-0.054199,-0.023218,-0.047612,-0.030953,-0.030953,-0.052251,-0.015525,-0.038643,-0.06924,-0.047469,-0.023218,-0.047469,-0.06924,-0.052251,-0.015525,-0.06924,-0.047469,-0.047469,-0.047299,-0.023218,-0.047299,-0.038568,-0.023218,-0.031823,-0.038643,-0.041032,-0.015525,-0.058697,-0.054199,-0.015525,-0.038568,-0.041032,-0.054199,-0.031823,-0.038568,-0.047469,-0.031823,-0.031823,-0.023218,-0.030953,-0.038568,-0.052251,-0.038568,-0.06924,-0.023218,-0.054199,-0.023218,-0.06924,-0.047299,-0.041032,-0.023218,-0.031823,-0.015525,-0.047469,-0.031823,-0.041032,-0.031823,-0.047469,-0.054199,-0.052251,-0.030953,-0.023218,-0.041032,-0.047469,-0.041032,-0.023218,-0.030953,-0.047469,-0.015525,-0.06924,-0.038643,-0.038643,-0.041032,-0.060715,-0.038643,-0.058697,-0.030953,-0.031823,-0.060715,-0.058697,-0.06924,-0.052251,-0.054199,-0.060715,-0.041032,-0.031823,-0.038643,-0.060715,-0.052251,-0.038643,-0.031823,-0.058697,-0.031823,-0.052251,-0.06924,-0.031823,-0.060715,-0.030953,-0.047299,-0.023218,-0.038568,-0.015525,-0.052251,-0.06924,-0.047469,-0.047299,-0.015525,-0.023218,-0.030953,-0.038643,-0.047299,-0.047299,-0.015525,-0.023218,-0.047469,-0.038568,-0.06924,-0.06924,-0.038643,-0.038568,-0.060715,-0.041032,-0.015525,-0.023218,-0.058697,-0.015525,-0.038643,-0.054199,-0.030953,-0.047469,-0.041032,-0.047299,-0.062764,-0.031823,-0.052251,-0.047612,-0.038643,-0.041032,-0.038568,-0.058697,-0.030953,-0.054199,-0.031823,-0.047612,-0.038643,-0.047469,-0.015525,-0.031823,-0.052251
-0.011973,-0.010939,0.0043338,0.013584,0.0043338,-0.021892,-0.0039198,-0.010939,-0.021892,-0.031859,-0.011973,0.013584,-0.040486,-0.021893,-0.010939,-0.0042248,-0.031859,-0.0042248,-0.011973,-0.0039198,-0.031859,-0.023534,0.00042037,0.013584,0.013584,-0.031077,-0.040486,-0.021893,-0.016871,-0.031859,0.00042037,-0.016871,-0.0020902,-0.0039198,-0.031077,0.013584,-0.0039198,-0.021893,0.013584,-0.011973,0.013584,-0.010939,0.00042037,-0.031859,0.013584,-0.021892,0.00042037,0.00042037,-0.0020902,-0.031077,-0.011973,-0.031859,-0.0020902,-0.040486,-0.031077,-0.031077,-0.0042248,-0.010939,-0.021893,-0.014689,-0.011973,-0.0020902,-0.011973,-0.014689,-0.0042248,-0.010939,-0.014689,-0.011973,-0.011973,-0.016871,-0.0020902,-0.016871,0.013584,-0.0020902,0.0043338,-0.021893,-0.021892,-0.010939,-0.0039198,-0.031859,-0.010939,0.013584,-0.021892,-0.031859,0.0043338,0.013584,-0.011973,0.0043338,0.0043338,-0.0020902,-0.031077,0.013584,-0.0042248,0.013584,-0.014689,-0.0020902,-0.031859,-0.0020902,-0.014689,-0.016871,-0.021892,-0.0020902,0.0043338,-0.010939,-0.011973,0.0043338,-0.021892,0.0043338,-0.011973,-0.031859,-0.0042248,-0.031077,-0.0020902,-0.021892,-0.011973,-0.021892,-0.0020902,-0.031077,-0.011973,-0.010939,-0.014689,-0.021893,-0.021893,-0.021892,0.00042037,-0.021893,-0.0039198,-0.031077,0.0043338,0.00042037,-0.0039198,-0.014689,-0.0042248,-0.031859,0.00042037,-0.021892,0.0043338,-0.021893,0.00042037,-0.0042248,-0.021893,0.0043338,-0.0039198,0.0043338,-0.0042248,-0.014689,0.0043338,0.00042037,-0.031077,-0.016871,-0.0020902,0.013584,-0.010939,-0.0042248,-0.014689,-0.011973,-0.016871,-0.010939,-0.0020902,-0.031077,-0.021893,-0.016871,-0.016871,-0.010939,-0.0020902,-0.011973,0.013584,-0.014689,-0.014689,-0.021893,0.013584,0.00042037,-0.021892,-0.010939,-0.0020902,-0.0039198,-0.010939,-0.021893,-0.031859,-0.031077,-0.011973,-0.021892,-0.016871,-0.023534,0.0043338,-0.0042248,-0.040486,-0.021893,-0.021892,0.013584,-0.0039198,-0.031077,-0.031859,0.0043338,-0.040486,-0.021893,-0.011973,-0.010939,0.0043338,-0.0042248
-0.052022,-0.0098264,-0.023937,-0.037572,-0.023937,-0.038411,-0.051479,-0.0098264,-0.038411,-0.063716,-0.052022,-0.037572,-0.048913,-0.035509,-0.0098264,-0.053536,-0.063716,-0.053536,-0.052022,-0.051479,-0.063716,-0.065157,-0.068432,-0.037572,-0.037572,-0.024018,-0.048913,-0.035509,-0.038344,-0.063716,-0.068432,-0.038344,-0.025415,-0.051479,-0.024018,-0.037572,-0.051479,-0.035509,-0.037572,-0.052022,-0.037572,-0.0098264,-0.068432,-0.063716,-0.037572,-0.038411,-0.068432,-0.068432,-0.025415,-0.024018,-0.052022,-0.063716,-0.025415,-0.048913,-0.024018,-0.024018,-0.053536,-0.0098264,-0.035509,-0.079675,-0.052022,-0.025415,-0.052022,-0.079675,-0.053536,-0.0098264,-0.079675,-0.052022,-0.052022,-0.038344,-0.025415,-0.038344,-0.037572,-0.025415,-0.023937,-0.035509,-0.038411,-0.0098264,-0.051479,-0.063716,-0.0098264,-0.037572,-0.038411,-0.063716,-0.023937,-0.037572,-0.052022,-0.023937,-0.023937,-0.025415,-0.024018,-0.037572,-0.053536,-0.037572,-0.079675,-0.025415,-0.063716,-0.025415,-0.079675,-0.038344,-0.038411,-0.025415,-0.023937,-0.0098264,-0.052022,-0.023937,-0.038411,-0.023937,-0.052022,-0.063716,-0.053536,-0.024018,-0.025415,-0.038411,-0.052022,-0.038411,-0.025415,-0.024018,-0.052022,-0.0098264,-0.079675,-0.035509,-0.035509,-0.038411,-0.068432,-0.035509,-0.051479,-0.024018,-0.023937,-0.068432,-0.051479,-0.079675,-0.053536,-0.063716,-0.068432,-0.038411,-0.023937,-0.035509,-0.068432,-0.053536,-0.035509,-0.023937,-0.051479,-0.023937,-0.053536,-0.079675,-0.023937,-0.068432,-0.024018,-0.038344,-0.025415,-0.037572,-0.0098264,-0.053536,-0.079675,-0.052022,-0.038344,-0.0098264,-0.025415,-0.024018,-0.035509,-0.038344,-0.038344,-0.0098264,-0.025415,-0.052022,-0.037572,-0.079675,-0.079675,-0.035509,-0.037572,-0.068432,-0.038411,-0.0098264,-0.025415,-0.051479,-0.0098264,-0.035509,-0.063716,-0.024018,-0.052022,-0.038411,-0.038344,-0.065157,-0.023937,-0.053536,-0.048913,-0.035509,-0.038411,-0.037572,-0.051479,-0.024018,-0.063716,-0.023937,-0.048913,-0.035509,-0.052022,-0.0098264,-0.023937,-0.053536
-0.0016214,-0.0028237,0.005618,0.014339,0.005618,-0.0046874,-0.00089245,-0.0028237,-0.0046874,-0.0085593,-0.0016214,0.014339,-0.018909,-0.0067431,-0.0028237,0.0033169,-0.0085593,0.0033169,-0.0016214,-0.00089245,-0.0085593,-0.0078536,0.012435,0.014339,0.014339,-0.015652,-0.018909,-0.0067431,-0.0050839,-0.0085593,0.012435,-0.0050839,0.0052034,-0.00089245,-0.015652,0.014339,-0.00089245,-0.0067431,0.014339,-0.0016214,0.014339,-0.0028237,0.012435,-0.0085593,0.014339,-0.0046874,0.012435,0.012435,0.0052034,-0.015652,-0.0016214,-0.0085593,0.0052034,-0.018909,-0.015652,-0.015652,0.0033169,-0.0028237,-0.0067431,-0.00013637,-0.0016214,0.0052034,-0.0016214,-0.00013637,0.0033169,-0.0028237,-0.00013637,-0.0016214,-0.0016214,-0.0050839,0.0052034,-0.0050839,0.014339,0.0052034,0.005618,-0.0067431,-0.0046874,-0.0028237,-0.00089245,-0.0085593,-0.0028237,0.014339,-0.0046874,-0.0085593,0.005618,0.014339,-0.0016214,0.005618,0.005618,0.0052034,-0.015652,0.014339,0.0033169,0.014339,-0.00013637,0.0052034,-0.0085593,0.0052034,-0.00013637,-0.0050839,-0.0046874,0.0052034,0.005618,-0.0028237,-0.0016214,0.005618,-0.0046874,0.005618,-0.0016214,-0.0085593,0.0033169,-0.015652,0.0052034,-0.0046874,-0.0016214,-0.0046874,0.0052034,-0.015652,-0.0016214,-0.0028237,-0.00013637,-0.0067431,-0.0067431,-0.0046874,0.012435,-0.0067431,-0.00089245,-0.015652,0.005618,0.012435,-0.00089245,-0.00013637,0.0033169,-0.0085593,0.012435,-0.0046874,0.005618,-0.0067431,0.012435,0.0033169,-0.0067431,0.005618,-0.00089245,0.005618,0.0033169,-0.00013637,0.005618,0.012435,-0.015652,-0.0050839,0.0052034,0.014339,-0.0028237,0.0033169,-0.00013637,-0.0016214,-0.0050839,-0.0028237,0.0052034,-0.015652,-0.0067431,-0.0050839,-0.0050839,-0.0028237,0.0052034,-0.0016214,0.014339,-0.00013637,-0.00013637,-0.0067431,0.014339,0.012435,-0.0046874,-0.0028237,0.0052034,-0.00089245,-0.0028237,-0.0067431,-0.0085593,-0.015652,-0.0016214,-0.0046874,-0.0050839,-0.0078536,0.005618,0.0033169,-0.018909,-0.0067431,-0.0046874,0.014339,-0.00089245,-0.015652,-0.0085593,0.005618,-0.018909,-0.0067431,-0.0016214,-0.0028237,0.005618,0.0033169
-0.012769,-0.0061337,-0.012208,-0.0093109,-0.012208,0.0053076,-0.0011657,-0.0061337,0.0053076,-0.00018084,-0.012769,-0.0093109,-0.0030934,-0.01498,-0.0061337,-0.01867,-0.00018084,-0.01867,-0.012769,-0.0011657,-0.00018084,-0.011535,-0.015105,-0.0093109,-0.0093109,0.0036011,-0.0030934,-0.01498,-0.0029346,-0.00018084,-0.015105,-0.0029346,-0.0039686,-0.0011657,0.0036011,-0.0093109,-0.0011657,-0.01498,-0.0093109,-0.012769,-0.0093109,-0.0061337,-0.015105,-0.00018084,-0.0093109,0.0053076,-0.015105,-0.015105,-0.0039686,0.0036011,-0.012769,-0.00018084,-0.0039686,-0.0030934,0.0036011,0.0036011,-0.01867,-0.0061337,-0.01498,-0.0074801,-0.012769,-0.0039686,-0.012769,-0.0074801,-0.01867,-0.0061337,-0.0074801,-0.012769,-0.012769,-0.0029346,-0.0039686,-0.0029346,-0.0093109,-0.0039686,-0.012208,-0.01498,0.0053076,-0.0061337,-0.0011657,-0.00018084,-0.0061337,-0.0093109,0.0053076,-0.00018084,-0.012208,-0.0093109,-0.012769,-0.012208,-0.012208,-0.0039686,0.0036011,-0.0093109,-0.01867,-0.0093109,-0.0074801,-0.0039686,-0.00018084,-0.0039686,-0.0074801,-0.0029346,0.0053076,-0.0039686,-0.012208,-0.0061337,-0.012769,-0.012208,0.0053076,-0.012208,-0.012769,-0.00018084,-0.01867,0.0036011,-0.0039686,0.0053076,-0.012769,0.0053076,-0.0039686,0.0036011,-0.012769,-0.0061337,-0.0074801,-0.01498,-0.01498,0.0053076,-0.015105,-0.01498,-0.0011657,0.0036011,-0.012208,-0.015105,-0.0011657,-0.0074801,-0.01867,-0.00018084,-0.015105,0.0053076,-0.012208,-0.01498,-0.015105,-0.01867,-0.01498,-0.012208,-0.0011657,-0.012208,-0.01867,-0.0074801,-0.012208,-0.015105,0.0036011,-0.0029346,-0.0039686,-0.0093109,-0.0061337,-0.01867,-0.0074801,-0.012769,-0.0029346,-0.0061337,-0.0039686,0.0036011,-0.01498,-0.0029346,-0.0029346,-0.0061337,-0.0039686,-0.012769,-0.0093109,-0.0074801,-0.0074801,-0.01498,-0.0093109,-0.015105,0.0053076,-0.0061337,-0.0039686,-0.0011657,-0.0061337,-0.01498,-0.00018084,0.0036011,-0.012769,0.0053076,-0.0029346,-0.011535,-0.012208,-0.01867,-0.0030934,-0.01498,0.0053076,-0.0093109,-0.0011657,0.0036011,-0.00018084,-0.012208,-0.0030934,-0.01498,-0.012769,-0.0061337,-0.012208,-0.01867
-0.034853,-0.011283,-0.038151,-0.053758,-0.038151,-0.0092835,-0.041234,-0.011283,-0.0092835,-0.024191,-0.034853,-0.053758,-0.013722,-0.02656,-0.011283,-0.056199,-0.024191,-0.056199,-0.034853,-0.041234,-0.024191,-0.04762,-0.053753,-0.053758,-0.053758,0.0011819,-0.013722,-0.02656,-0.030544,-0.024191,-0.053753,-0.030544,-0.021767,-0.041234,0.0011819,-0.053758,-0.041234,-0.02656,-0.053758,-0.034853,-0.053758,-0.011283,-0.053753,-0.024191,-0.053758,-0.0092835,-0.053753,-0.053753,-0.021767,0.0011819,-0.034853,-0.024191,-0.021767,-0.013722,0.0011819,0.0011819,-0.056199,-0.011283,-0.02656,-0.053219,-0.034853,-0.021767,-0.034853,-0.053219,-0.056199,-0.011283,-0.053219,-0.034853,-0.034853,-0.030544,-0.021767,-0.030544,-0.053758,-0.021767,-0.038151,-0.02656,-0.0092835,-0.011283,-0.041234,-0.024191,-0.011283,-0.053758,-0.0092835,-0.024191,-0.038151,-0.053758,-0.034853,-0.038151,-0.038151,-0.021767,0.0011819,-0.053758,-0.056199,-0.053758,-0.053219,-0.021767,-0.024191,-0.021767,-0.053219,-0.030544,-0.0092835,-0.021767,-0.038151,-0.011283,-0.034853,-0.038151,-0.0092835,-0.038151,-0.034853,-0.024191,-0.056199,0.0011819,-0.021767,-0.0092835,-0.034853,-0.0092835,-0.021767,0.0011819,-0.034853,-0.011283,-0.053219,-0.02656,-0.02656,-0.0092835,-0.053753,-0.02656,-0.041234,0.0011819,-0.038151,-0.053753,-0.041234,-0.053219,-0.056199,-0.024191,-0.053753,-0.0092835,-0.038151,-0.02656,-0.053753,-0.056199,-0.02656,-0.038151,-0.041234,-0.038151,-0.056199,-0.053219,-0.038151,-0.053753,0.0011819,-0.030544,-0.021767,-0.053758,-0.011283,-0.056199,-0.053219,-0.034853,-0.030544,-0.011283,-0.021767,0.0011819,-0.02656,-0.030544,-0.030544,-0.011283,-0.021767,-0.034853,-0.053758,-0.053219,-0.053219,-0.02656,-0.053758,-0.053753,-0.0092835,-0.011283,-0.021767,-0.041234,-0.011283,-0.02656,-0.024191,0.0011819,-0.034853,-0.0092835,-0.030544,-0.04762,-0.038151,-0.056199,-0.013722,-0.02656,-0.0092835,-0.053758,-0.041234,0.0011819,-0.024191,-0.038151,-0.013722,-0.02656,-0.034853,-0.011283,-0.038151,-0.056199
0.049456,0.011044,-0.00047864,0.030169,-0.00047864,0.040265,0.028318,0.011044,0.040265,0.049017,0.049456,0.030169,0.01526,0.023304,0.011044,0.016927,0.049017,0.016927,0.049456,0.028318,0.049017,0.010668,0.040169,0.030169,0.030169,0.006711,0.01526,0.023304,-0.0031884,0.049017,0.040169,-0.0031884,0.045359,0.028318,0.006711,0.030169,0.028318,0.023304,0.030169,0.049456,0.030169,0.011044,0.040169,0.049017,0.030169,0.040265,0.040169,0.040169,0.045359,0.006711,0.049456,0.049017,0.045359,0.01526,0.006711,0.006711,0.016927,0.011044,0.023304,0.040773,0.049456,0.045359,0.049456,0.040773,0.016927,0.011044,0.040773,0.049456,0.049456,-0.0031884,0.045359,-0.0031884,0.030169,0.045359,-0.00047864,0.023304,0.040265,0.011044,0.028318,0.049017,0.011044,0.030169,0.040265,0.049017,-0.00047864,0.030169,0.049456,-0.00047864,-0.00047864,0.045359,0.006711,0.030169,0.016927,0.030169,0.040773,0.045359,0.049017,0.045359,0.040773,-0.0031884,0.040265,0.045359,-0.00047864,0.011044,0.049456,-0.00047864,0.040265,-0.00047864,0.049456,0.049017,0.016927,0.006711,0.045359,0.040265,0.049456,0.040265,0.045359,0.006711,0.049456,0.011044,0.040773,0.023304,0.023304,0.040265,0.040169,0.023304,0.028318,0.006711,-0.00047864,0.040169,0.028318,0.040773,0.016927,0.049017,0.040169,0.040265,-0.00047864,0.023304,0.040169,0.016927,0.023304,-0.00047864,0.028318,-0.00047864,0.016927,0.040773,-0.00047864,0.040169,0.006711,-0.0031884,0.045359,0.030169,0.011044,0.016927,0.040773,0.049456,-0.0031884,0.011044,0.045359,0.006711,0.023304,-0.0031884,-0.0031884,0.011044,0.045359,0.049456,0.030169,0.040773,0.040773,0.023304,0.030169,0.040169,0.040265,0.011044,0.045359,0.028318,0.011044,0.023304,0.049017,0.006711,0.049456,0.040265,-0.0031884,0.010668,-0.00047864,0.016927,0.01526,0.023304,0.040265,0.030169,0.028318,0.006711,0.049017,-0.00047864,0.01526,0.023304,0.049456,0.011044,-0.00047864,0.016927
0.057701,0.013308,0.033372,0.065024,0.033372,0.033852,0.049626,0.013308,0.033852,0.037117,0.057701,0.065024,-0.0011011,0.020391,0.013308,0.041565,0.037117,0.041565,0.057701,0.049626,0.037117,0.01292,0.072583,0.065024,0.065024,-0.0041897,-0.0011011,0.020391,0.011924,0.037117,0.072583,0.011924,0.047523,0.049626,-0.0041897,0.065024,0.049626,0.020391,0.065024,0.057701,0.065024,0.013308,0.072583,0.037117,0.065024,0.033852,0.072583,0.072583,0.047523,-0.0041897,0.057701,0.037117,0.047523,-0.0011011,-0.0041897,-0.0041897,0.041565,0.013308,0.020391,0.046267,0.057701,0.047523,0.057701,0.046267,0.041565,0.013308,0.046267,0.057701,0.057701,0.011924,0.047523,0.011924,0.065024,0.047523,0.033372,0.020391,0.033852,0.013308,0.049626,0.037117,0.013308,0.065024,0.033852,0.037117,0.033372,0.065024,0.057701,0.033372,0.033372,0.047523,-0.0041897,0.065024,0.041565,0.065024,0.046267,0.047523,0.037117,0.047523,0.046267,0.011924,0.033852,0.047523,0.033372,0.013308,0.057701,0.033372,0.033852,0.033372,0.057701,0.037117,0.041565,-0.0041897,0.047523,0.033852,0.057701,0.033852,0.047523,-0.0041897,0.057701,0.013308,0.046267,0.020391,0.020391,0.033852,0.072583,0.020391,0.049626,-0.0041897,0.033372,0.072583,0.049626,0.046267,0.041565,0.037117,0.072583,0.033852,0.033372,0.020391,0.072583,0.041565,0.020391,0.033372,0.049626,0.033372,0.041565,0.046267,0.033372,0.072583,-0.0041897,0.011924,0.047523,0.065024,0.013308,0.041565,0.046267,0.057701,0.011924,0.013308,0.047523,-0.0041897,0.020391,0.011924,0.011924,0.013308,0.047523,0.057701,0.065024,0.046267,0.046267,0.020391,0.065024,0.072583,0.033852,0.013308,0.047523,0.049626,0.013308,0.020391,0.037117,-0.0041897,0.057701,0.033852,0.011924,0.01292,0.033372,0.041565,-0.0011011,0.020391,0.033852,0.065024,0.049626,-0.0041897,0.037117,0.033372,-0.0011011,0.020391,0.057701,0.013308,0.033372,0.041565
0.031103,0.0084885,0.01531,0.014449,0.01531,0.016649,0.021318,0.0084885,0.016649,0.038951,0.031103,0.014449,0.037958,0.035311,0.0084885,0.0421,0.038951,0.0421,0.031103,0.021318,0.038951,0.048111,0.039989,0.014449,0.014449,0.014671,0.037958,0.035311,0.023148,0.038951,0.039989,0.023148,0.007818,0.021318,0.014671,0.014449,0.021318,0.035311,0.014449,0.031103,0.014449,0.0084885,0.039989,0.038951,0.014449,0.016649,0.039989,0.039989,0.007818,0.014671,0.031103,0.038951,0.007818,0.037958,0.014671,0.014671,0.0421,0.0084885,0.035311,0.046676,0.031103,0.007818,0.031103,0.046676,0.0421,0.0084885,0.046676,0.031103,0.031103,0.023148,0.007818,0.023148,0.014449,0.007818,0.01531,0.035311,0.016649,0.0084885,0.021318,0.038951,0.0084885,0.014449,0.016649,0.038951,0.01531,0.014449,0.031103,0.01531,0.01531,0.007818,0.014671,0.014449,0.0421,0.014449,0.046676,0.007818,0.038951,0.007818,0.046676,0.023148,0.016649,0.007818,0.01531,0.0084885,0.031103,0.01531,0.016649,0.01531,0.031103,0.038951,0.0421,0.014671,0.007818,0.016649,0.031103,0.016649,0.007818,0.014671,0.031103,0.0084885,0.046676,0.035311,0.035311,0.016649,0.039989,0.035311,0.021318,0.014671,0.01531,0.039989,0.021318,0.046676,0.0421,0.038951,0.039989,0.016649,0.01531,0.035311,0.039989,0.0421,0.035311,0.01531,0.021318,0.01531,0.0421,0.046676,0.01531,0.039989,0.014671,0.023148,0.007818,0.014449,0.0084885,0.0421,0.046676,0.031103,0.023148,0.0084885,0.007818,0.014671,0.035311,0.023148,0.023148,0.0084885,0.007818,0.031103,0.014449,0.046676,0.046676,0.035311,0.014449,0.039989,0.016649,0.0084885,0.007818,0.021318,0.0084885,0.035311,0.038951,0.014671,0.031103,0.016649,0.023148,0.048111,0.01531,0.0421,0.037958,0.035311,0.016649,0.014449,0.021318,0.014671,0.038951,0.01531,0.037958,0.035311,0.031103,0.0084885,0.01531,0.0421
-0.01259,0.013614,0.048959,0.031703,0.048959,0.021389,0.055431,0.013614,0.021389,0.015379,-0.01259,0.031703,0.026553,0.0033515,0.013614,0.040011,0.015379,0.040011,-0.01259,0.055431,0.015379,0.058613,0.025548,0.031703,0.031703,0.039713,0.026553,0.0033515,0.075672,0.015379,0.025548,0.075672,-0.00076344,0.055431,0.039713,0.031703,0.055431,0.0033515,0.031703,-0.01259,0.031703,0.013614,0.025548,0.015379,0.031703,0.021389,0.025548,0.025548,-0.00076344,0.039713,-0.01259,0.015379,-0.00076344,0.026553,0.039713,0.039713,0.040011,0.013614,0.0033515,0.04433,-0.01259,-0.00076344,-0.01259,0.04433,0.040011,0.013614,0.04433,-0.01259,-0.01259,0.075672,-0.00076344,0.075672,0.031703,-0.00076344,0.048959,0.0033515,0.021389,0.013614,0.055431,0.015379,0.013614,0.031703,0.021389,0.015379,0.048959,0.031703,-0.01259,0.048959,0.048959,-0.00076344,0.039713,0.031703,0.040011,0.031703,0.04433,-0.00076344,0.015379,-0.00076344,0.04433,0.075672,0.021389,-0.00076344,0.048959,0.013614,-0.01259,0.048959,0.021389,0.048959,-0.01259,0.015379,0.040011,0.039713,-0.00076344,0.021389,-0.01259,0.021389,-0.00076344,0.039713,-0.01259,0.013614,0.04433,0.0033515,0.0033515,0.021389,0.025548,0.0033515,0.055431,0.039713,0.048959,0.025548,0.055431,0.04433,0.040011,0.015379,0.025548,0.021389,0.048959,0.0033515,0.025548,0.040011,0.0033515,0.048959,0.055431,0.048959,0.040011,0.04433,0.048959,0.025548,0.039713,0.075672,-0.00076344,0.031703,0.013614,0.040011,0.04433,-0.01259,0.075672,0.013614,-0.00076344,0.039713,0.0033515,0.075672,0.075672,0.013614,-0.00076344,-0.01259,0.031703,0.04433,0.04433,0.0033515,0.031703,0.025548,0.021389,0.013614,-0.00076344,0.055431,0.013614,0.0033515,0.015379,0.039713,-0.01259,0.021389,0.075672,0.058613,0.048959,0.040011,0.026553,0.0033515,0.021389,0.031703,0.055431,0.039713,0.015379,0.048959,0.026553,0.0033515,-0.01259,0.013614,0.048959,0.040011
-0.018161,0.0083731,-0.0050314,-0.0073459,-0.0050314,0.050382,0.028954,0.0083731,0.050382,0.01072,-0.018161,-0.0073459,0.016733,-0.020424,0.0083731,-0.031153,0.01072,-0.031153,-0.018161,0.028954,0.01072,0.00035254,-0.032284,-0.0073459,-0.0073459,0.051635,0.016733,-0.020424,0.02976,0.01072,-0.032284,0.02976,0.0066284,0.028954,0.051635,-0.0073459,0.028954,-0.020424,-0.0073459,-0.018161,-0.0073459,0.0083731,-0.032284,0.01072,-0.0073459,0.050382,-0.032284,-0.032284,0.0066284,0.051635,-0.018161,0.01072,0.0066284,0.016733,0.051635,0.051635,-0.031153,0.0083731,-0.020424,-0.0052355,-0.018161,0.0066284,-0.018161,-0.0052355,-0.031153,0.0083731,-0.0052355,-0.018161,-0.018161,0.02976,0.0066284,0.02976,-0.0073459,0.0066284,-0.0050314,-0.020424,0.050382,0.0083731,0.028954,0.01072,0.0083731,-0.0073459,0.050382,0.01072,-0.0050314,-0.0073459,-0.018161,-0.0050314,-0.0050314,0.0066284,0.051635,-0.0073459,-0.031153,-0.0073459,-0.0052355,0.0066284,0.01072,0.0066284,-0.0052355,0.02976,0.050382,0.0066284,-0.0050314,0.0083731,-0.018161,-0.0050314,0.050382,-0.0050314,-0.018161,0.01072,-0.031153,0.051635,0.0066284,0.050382,-0.018161,0.050382,0.0066284,0.051635,-0.018161,0.0083731,-0.0052355,-0.020424,-0.020424,0.050382,-0.032284,-0.020424,0.028954,0.051635,-0.0050314,-0.032284,0.028954,-0.0052355,-0.031153,0.01072,-0.032284,0.050382,-0.0050314,-0.020424,-0.032284,-0.031153,-0.020424,-0.0050314,0.028954,-0.0050314,-0.031153,-0.0052355,-0.0050314,-0.032284,0.051635,0.02976,0.0066284,-0.0073459,0.0083731,-0.031153,-0.0052355,-0.018161,0.02976,0.0083731,0.0066284,0.051635,-0.020424,0.02976,0.02976,0.0083731,0.0066284,-0.018161,-0.0073459,-0.0052355,-0.0052355,-0.020424,-0.0073459,-0.032284,0.050382,0.0083731,0.0066284,0.028954,0.0083731,-0.020424,0.01072,0.051635,-0.018161,0.050382,0.02976,0.00035254,-0.0050314,-0.031153,0.016733,-0.020424,0.050382,-0.0073459,0.028954,0.051635,0.01072,-0.0050314,0.016733,-0.020424,-0.018161,0.0083731,-0.0050314,-0.031153
0.0076075,0.0014659,-0.018292,-0.025264,-0.018292,0.0082006,-0.015836,0.0014659,0.0082006,0.013323,0.0076075,-0.025264,0.024378,0.013817,0.0014659,-0.013239,0.013323,-0.013239,0.0076075,-0.015836,0.013323,-0.0018564,-0.014888,-0.025264,-0.025264,0.016068,0.024378,0.013817,-0.0088465,0.013323,-0.014888,-0.0088465,-0.0031786,-0.015836,0.016068,-0.025264,-0.015836,0.013817,-0.025264,0.0076075,-0.025264,0.0014659,-0.014888,0.013323,-0.025264,0.0082006,-0.014888,-0.014888,-0.0031786,0.016068,0.0076075,0.013323,-0.0031786,0.024378,0.016068,0.016068,-0.013239,0.0014659,0.013817,-0.0090633,0.0076075,-0.0031786,0.0076075,-0.0090633,-0.013239,0.0014659,-0.0090633,0.0076075,0.0076075,-0.0088465,-0.0031786,-0.0088465,-0.025264,-0.0031786,-0.018292,0.013817,0.0082006,0.0014659,-0.015836,0.013323,0.0014659,-0.025264,0.0082006,0.013323,-0.018292,-0.025264,0.0076075,-0.018292,-0.018292,-0.0031786,0.016068,-0.025264,-0.013239,-0.025264,-0.0090633,-0.0031786,0.013323,-0.0031786,-0.0090633,-0.0088465,0.0082006,-0.0031786,-0.018292,0.0014659,0.0076075,-0.018292,0.0082006,-0.018292,0.0076075,0.013323,-0.013239,0.016068,-0.0031786,0.0082006,0.0076075,0.0082006,-0.0031786,0.016068,0.0076075,0.0014659,-0.0090633,0.013817,0.013817,0.0082006,-0.014888,0.013817,-0.015836,0.016068,-0.018292,-0.014888,-0.015836,-0.0090633,-0.013239,0.013323,-0.014888,0.0082006,-0.018292,0.013817,-0.014888,-0.013239,0.013817,-0.018292,-0.015836,-0.018292,-0.013239,-0.0090633,-0.018292,-0.014888,0.016068,-0.0088465,-0.0031786,-0.025264,0.0014659,-0.013239,-0.0090633,0.0076075,-0.0088465,0.0014659,-0.0031786,0.016068,0.013817,-0.0088465,-0.0088465,0.0014659,-0.0031786,0.0076075,-0.025264,-0.0090633,-0.0090633,0.013817,-0.025264,-0.014888,0.0082006,0.0014659,-0.0031786,-0.015836,0.0014659,0.013817,0.013323,0.016068,0.0076075,0.0082006,-0.0088465,-0.0018564,-0.018292,-0.013239,0.024378,0.013817,0.0082006,-0.025264,-0.015836,0.016068,0.013323,-0.018292,0.024378,0.013817,0.0076075,0.0014659,-0.018292,-0.013239
-0.0023568,-0.0044086,-0.0073548,-0.0069864,-0.0073548,0.0049435,0.0024281,-0.0044086,0.0049435,0.0087667,-0.0023568,-0.0069864,0.011379,-1.4505e-05,-0.0044086,-0.0059491,0.0087667,-0.0059491,-0.0023568,0.0024281,0.0087667,0.0097306,-0.0032974,-0.0069864,-0.0069864,0.0074236,0.011379,-1.4505e-05,0.0065779,0.0087667,-0.0032974,0.0065779,-0.0062672,0.0024281,0.0074236,-0.0069864,0.0024281,-1.4505e-05,-0.0069864,-0.0023568,-0.0069864,-0.0044086,-0.0032974,0.0087667,-0.0069864,0.0049435,-0.0032974,-0.0032974,-0.0062672,0.0074236,-0.0023568,0.0087667,-0.0062672,0.011379,0.0074236,0.0074236,-0.0059491,-0.0044086,-1.4505e-05,0.006442,-0.0023568,-0.0062672,-0.0023568,0.006442,-0.0059491,-0.0044086,0.006442,-0.0023568,-0.0023568,0.0065779,-0.0062672,0.0065779,-0.0069864,-0.0062672,-0.0073548,-1.4505e-05,0.0049435,-0.0044086,0.0024281,0.0087667,-0.0044086,-0.0069864,0.0049435,0.0087667,-0.0073548,-0.0069864,-0.0023568,-0.0073548,-0.0073548,-0.0062672,0.0074236,-0.0069864,-0.0059491,-0.0069864,0.006442,-0.0062672,0.0087667,-0.0062672,0.006442,0.0065779,0.0049435,-0.0062672,-0.0073548,-0.0044086,-0.0023568,-0.0073548,0.0049435,-0.0073548,-0.0023568,0.0087667,-0.0059491,0.0074236,-0.0062672,0.0049435,-0.0023568,0.0049435,-0.0062672,0.0074236,-0.0023568,-0.0044086,0.006442,-1.4505e-05,-1.4505e-05,0.0049435,-0.0032974,-1.4505e-05,0.0024281,0.0074236,-0.0073548,-0.0032974,0.0024281,0.006442,-0.0059491,0.0087667,-0.0032974,0.0049435,-0.0073548,-1.4505e-05,-0.0032974,-0.0059491,-1.4505e-05,-0.0073548,0.0024281,-0.0073548,-0.0059491,0.006442,-0.0073548,-0.0032974,0.0074236,0.0065779,-0.0062672,-0.0069864,-0.0044086,-0.0059491,0.006442,-0.0023568,0.0065779,-0.0044086,-0.0062672,0.0074236,-1.4505e-05,0.0065779,0.0065779,-0.0044086,-0.0062672,-0.0023568,-0.0069864,0.006442,0.006442,-1.4505e-05,-0.0069864,-0.0032974,0.0049435,-0.0044086,-0.0062672,0.0024281,-0.0044086,-1.4505e-05,0.0087667,0.0074236,-0.0023568,0.0049435,0.0065779,0.0097306,-0.0073548,-0.0059491,0.011379,-1.4505e-05,0.0049435,-0.0069864,0.0024281,0.0074236,0.0087667,-0.0073548,0.011379,-1.4505e-05,-0.0023568,-0.0044086,-0.0073548,-0.0059491
0.077125,0.011578,0.0014151,0.026631,0.0014151,0.024993,0.016216,0.011578,0.024993,0.059036,0.077125,0.026631,0.033478,0.046827,0.011578,0.030869,0.059036,0.030869,0.077125,0.016216,0.059036,0.020021,0.060044,0.026631,0.026631,0.0018361,0.033478,0.046827,-0.0066858,0.059036,0.060044,-0.0066858,0.040314,0.016216,0.0018361,0.026631,0.016216,0.046827,0.026631,0.077125,0.026631,0.011578,0.060044,0.059036,0.026631,0.024993,0.060044,0.060044,0.040314,0.0018361,0.077125,0.059036,0.040314,0.033478,0.0018361,0.0018361,0.030869,0.011578,0.046827,0.049341,0.077125,0.040314,0.077125,0.049341,0.030869,0.011578,0.049341,0.077125,0.077125,-0.0066858,0.040314,-0.0066858,0.026631,0.040314,0.0014151,0.046827,0.024993,0.011578,0.016216,0.059036,0.011578,0.026631,0.024993,0.059036,0.0014151,0.026631,0.077125,0.0014151,0.0014151,0.040314,0.0018361,0.026631,0.030869,0.026631,0.049341,0.040314,0.059036,0.040314,0.049341,-0.0066858,0.024993,0.040314,0.0014151,0.011578,0.077125,0.0014151,0.024993,0.0014151,0.077125,0.059036,0.030869,0.0018361,0.040314,0.024993,0.077125,0.024993,0.040314,0.0018361,0.077125,0.011578,0.049341,0.046827,0.046827,0.024993,0.060044,0.046827,0.016216,0.0018361,0.0014151,0.060044,0.016216,0.049341,0.030869,0.059036,0.060044,0.024993,0.0014151,0.046827,0.060044,0.030869,0.046827,0.0014151,0.016216,0.0014151,0.030869,0.049341,0.0014151,0.060044,0.0018361,-0.0066858,0.040314,0.026631,0.011578,0.030869,0.049341,0.077125,-0.0066858,0.011578,0.040314,0.0018361,0.046827,-0.0066858,-0.0066858,0.011578,0.040314,0.077125,0.026631,0.049341,0.049341,0.046827,0.026631,0.060044,0.024993,0.011578,0.040314,0.016216,0.011578,0.046827,0.059036,0.0018361,0.077125,0.024993,-0.0066858,0.020021,0.0014151,0.030869,0.033478,0.046827,0.024993,0.026631,0.016216,0.0018361,0.059036,0.0014151,0.033478,0.046827,0.077125,0.011578,0.0014151,0.030869
0.010902,0.0047769,-0.0004573,-0.00981,-0.0004573,-0.011052,-0.016512,0.0047769,-0.011052,-0.00084618,0.010902,-0.00981,0.0093642,0.017068,0.0047769,0.012079,-0.00084618,0.012079,0.010902,-0.016512,-0.00084618,0.0026818,0.0056342,-0.00981,-0.00981,-0.00083951,0.0093642,0.017068,-0.0055391,-0.00084618,0.0056342,-0.0055391,-0.0050319,-0.016512,-0.00083951,-0.00981,-0.016512,0.017068,-0.00981,0.010902,-0.00981,0.0047769,0.0056342,-0.00084618,-0.00981,-0.011052,0.0056342,0.0056342,-0.0050319,-0.00083952,0.010902,-0.00084618,-0.0050319,0.0093642,-0.00083951,-0.00083951,0.012079,0.0047769,0.017068,-0.0077717,0.010902,-0.0050319,0.010902,-0.0077717,0.012079,0.0047769,-0.0077717,0.010902,0.010902,-0.0055391,-0.0050319,-0.0055391,-0.00981,-0.0050319,-0.00045731,0.017068,-0.011052,0.0047769,-0.016512,-0.00084618,0.0047769,-0.00981,-0.011052,-0.00084618,-0.0004573,-0.00981,0.010902,-0.0004573,-0.0004573,-0.0050319,-0.00083951,-0.00981,0.012079,-0.00981,-0.0077717,-0.0050319,-0.00084618,-0.0050319,-0.0077717,-0.0055391,-0.011052,-0.0050319,-0.0004573,0.0047769,0.010902,-0.0004573,-0.011052,-0.0004573,0.010902,-0.00084618,0.012079,-0.00083951,-0.0050319,-0.011052,0.010902,-0.011052,-0.0050319,-0.00083951,0.010902,0.0047769,-0.0077717,0.017068,0.017068,-0.011052,0.0056342,0.017068,-0.016512,-0.00083951,-0.0004573,0.0056342,-0.016512,-0.0077717,0.012079,-0.00084618,0.0056342,-0.011052,-0.0004573,0.017068,0.0056342,0.012079,0.017068,-0.0004573,-0.016512,-0.0004573,0.012079,-0.0077717,-0.0004573,0.0056342,-0.00083951,-0.0055391,-0.0050319,-0.00981,0.0047769,0.012079,-0.0077717,0.010902,-0.0055391,0.0047769,-0.0050319,-0.00083951,0.017068,-0.0055391,-0.0055391,0.0047769,-0.0050319,0.010902,-0.00981,-0.0077717,-0.0077717,0.017068,-0.00981,0.0056342,-0.011052,0.0047769,-0.0050319,-0.016512,0.0047769,0.017068,-0.00084618,-0.00083951,0.010902,-0.011052,-0.0055391,0.0026818,-0.0004573,0.012079,0.0093642,0.017068,-0.011052,-0.00981,-0.016512,-0.00083951,-0.00084618,-0.0004573,0.0093642,0.017068,0.010902,0.0047769,-0.00045731,0.012079
0.033007,0.0074606,0.010836,0.0099063,0.010836,0.01375,0.018383,0.0074606,0.01375,0.044956,0.033007,0.0099063,0.044993,0.033985,0.0074606,0.031215,0.044956,0.031215,0.033007,0.018383,0.044956,0.039512,0.033996,0.0099063,0.0099063,0.016355,0.044993,0.033985,0.017505,0.044956,0.033996,0.017505,0.0071579,0.018383,0.016355,0.0099063,0.018383,0.033985,0.0099063,0.033007,0.0099063,0.0074606,0.033996,0.044956,0.0099063,0.01375,0.033996,0.033996,0.0071579,0.016355,0.033007,0.044956,0.0071579,0.044993,0.016355,0.016355,0.031215,0.0074606,0.033985,0.046221,0.033007,0.0071579,0.033007,0.046221,0.031215,0.0074606,0.046221,0.033007,0.033007,0.017505,0.0071579,0.017505,0.0099063,0.0071579,0.010836,0.033985,0.01375,0.0074606,0.018383,0.044956,0.0074606,0.0099063,0.01375,0.044956,0.010836,0.0099063,0.033007,0.010836,0.010836,0.0071579,0.016355,0.0099063,0.031215,0.0099063,0.046221,0.0071579,0.044956,0.0071579,0.046221,0.017505,0.01375,0.0071579,0.010836,0.0074606,0.033007,0.010836,0.01375,0.010836,0.033007,0.044956,0.031215,0.016355,0.0071579,0.01375,0.033007,0.01375,0.0071579,0.016355,0.033007,0.0074606,0.046221,0.033985,0.033985,0.01375,0.033996,0.033985,0.018383,0.016355,0.010836,0.033996,0.018383,0.046221,0.031215,0.044956,0.033996,0.01375,0.010836,0.033985,0.033996,0.031215,0.033985,0.010836,0.018383,0.010836,0.031215,0.046221,0.010836,0.033996,0.016355,0.017505,0.0071579,0.0099063,0.0074606,0.031215,0.046221,0.033007,0.017505,0.0074606,0.0071579,0.016355,0.033985,0.017505,0.017505,0.0074606,0.0071579,0.033007,0.0099063,0.046221,0.046221,0.033985,0.0099063,0.033996,0.01375,0.0074606,0.0071579,0.018383,0.0074606,0.033985,0.044956,0.016355,0.033007,0.01375,0.017505,0.039512,0.010836,0.031215,0.044993,0.033985,0.01375,0.0099063,0.018383,0.016355,0.044956,0.010836,0.044993,0.033985,0.033007,0.0074606,0.010836,0.031215
-0.0096416,-0.00023759,0.023156,0.056487,0.023156,0.03541,0.06072,-0.00023759,0.03541,-0.0034126,-0.0096416,0.056487,-0.028415,-0.038637,-0.00023759,-0.0040814,-0.0034126,-0.0040814,-0.0096416,0.06072,-0.0034126,0.00097538,0.018832,0.056487,0.056487,0.0098553,-0.028415,-0.038637,0.028542,-0.0034126,0.018832,0.028542,0.028292,0.06072,0.0098553,0.056487,0.06072,-0.038637,0.056487,-0.0096416,0.056487,-0.00023759,0.018832,-0.0034126,0.056487,0.03541,0.018832,0.018832,0.028292,0.0098553,-0.0096416,-0.0034126,0.028292,-0.028415,0.0098553,0.0098553,-0.0040814,-0.00023759,-0.038637,0.024115,-0.0096416,0.028292,-0.0096416,0.024115,-0.0040814,-0.00023759,0.024115,-0.0096416,-0.0096416,0.028542,0.028292,0.028542,0.056487,0.028292,0.023156,-0.038637,0.03541,-0.00023759,0.06072,-0.0034126,-0.00023759,0.056487,0.03541,-0.0034126,0.023156,0.056487,-0.0096416,0.023156,0.023156,0.028292,0.0098553,0.056487,-0.0040814,0.056487,0.024115,0.028292,-0.0034126,0.028292,0.024115,0.028542,0.03541,0.028292,0.023156,-0.00023759,-0.0096416,0.023156,0.03541,0.023156,-0.0096416,-0.0034126,-0.0040814,0.0098553,0.028292,0.03541,-0.0096416,0.03541,0.028292,0.0098553,-0.0096416,-0.00023759,0.024115,-0.038637,-0.038637,0.03541,0.018832,-0.038637,0.06072,0.0098553,0.023156,0.018832,0.06072,0.024115,-0.0040814,-0.0034126,0.018832,0.03541,0.023156,-0.038637,0.018832,-0.0040814,-0.038637,0.023156,0.06072,0.023156,-0.0040814,0.024115,0.023156,0.018832,0.0098553,0.028542,0.028292,0.056487,-0.00023759,-0.0040814,0.024115,-0.0096416,0.028542,-0.00023759,0.028292,0.0098553,-0.038637,0.028542,0.028542,-0.00023759,0.028292,-0.0096416,0.056487,0.024115,0.024115,-0.038637,0.056487,0.018832,0.03541,-0.00023759,0.028292,0.06072,-0.00023759,-0.038637,-0.0034126,0.0098553,-0.0096416,0.03541,0.028542,0.00097538,0.023156,-0.0040814,-0.028415,-0.038637,0.03541,0.056487,0.06072,0.0098553,-0.0034126,0.023156,-0.028415,-0.038637,-0.0096416,-0.00023759,0.023156,-0.0040814
0.00021965,-0.0036684,-0.018486,-0.008637,-0.018486,-0.0031706,-0.01691,-0.0036684,-0.0031706,-0.0032444,0.00021965,-0.008637,-0.011296,-0.0057668,-0.0036684,-0.020009,-0.0032444,-0.020009,0.00021965,-0.01691,-0.0032444,-0.026273,-0.010089,-0.008637,-0.008637,-0.01144,-0.011296,-0.0057668,-0.022065,-0.0032444,-0.010089,-0.022065,0.0049086,-0.01691,-0.01144,-0.008637,-0.01691,-0.0057668,-0.008637,0.00021965,-0.008637,-0.0036684,-0.010089,-0.0032444,-0.008637,-0.0031706,-0.010089,-0.010089,0.0049086,-0.01144,0.00021965,-0.0032444,0.0049086,-0.011296,-0.01144,-0.01144,-0.020009,-0.0036684,-0.0057668,-0.018186,0.00021965,0.0049086,0.00021965,-0.018186,-0.020009,-0.0036684,-0.018186,0.00021965,0.00021965,-0.022065,0.0049086,-0.022065,-0.008637,0.0049086,-0.018486,-0.0057668,-0.0031706,-0.0036684,-0.01691,-0.0032444,-0.0036684,-0.008637,-0.0031706,-0.0032444,-0.018486,-0.008637,0.00021965,-0.018486,-0.018486,0.0049086,-0.01144,-0.008637,-0.020009,-0.008637,-0.018186,0.0049086,-0.0032444,0.0049086,-0.018186,-0.022065,-0.0031706,0.0049086,-0.018486,-0.0036684,0.00021965,-0.018486,-0.0031706,-0.018486,0.00021965,-0.0032444,-0.020009,-0.01144,0.0049086,-0.0031706,0.00021965,-0.0031706,0.0049086,-0.01144,0.00021965,-0.0036684,-0.018186,-0.0057668,-0.0057668,-0.0031706,-0.010089,-0.0057668,-0.01691,-0.01144,-0.018486,-0.010089,-0.01691,-0.018186,-0.020009,-0.0032444,-0.010089,-0.0031706,-0.018486,-0.0057668,-0.010089,-0.020009,-0.0057668,-0.018486,-0.01691,-0.018486,-0.020009,-0.018186,-0.018486,-0.010089,-0.01144,-0.022065,0.0049086,-0.008637,-0.0036684,-0.020009,-0.018186,0.00021965,-0.022065,-0.0036684,0.0049086,-0.01144,-0.0057668,-0.022065,-0.022065,-0.0036684,0.0049086,0.00021965,-0.008637,-0.018186,-0.018186,-0.0057668,-0.008637,-0.010089,-0.0031706,-0.0036684,0.0049086,-0.01691,-0.0036684,-0.0057668,-0.0032444,-0.01144,0.00021965,-0.0031706,-0.022065,-0.026273,-0.018486,-0.020009,-0.011296,-0.0057668,-0.0031706,-0.008637,-0.01691,-0.01144,-0.0032444,-0.018486,-0.011296,-0.0057668,0.00021965,-0.0036684,-0.018486,-0.020009
-0.0021349,0.010593,-0.0072307,-0.013773,-0.0072307,0.012452,-0.002416,0.010593,0.012452,0.0169,-0.0021349,-0.013773,0.023725,0.0081293,0.010593,-0.012713,0.0169,-0.012713,-0.0021349,-0.002416,0.0169,0.0031734,-0.021594,-0.013773,-0.013773,0.023277,0.023725,0.0081293,0.0043921,0.0169,-0.021594,0.0043921,0.0029941,-0.002416,0.023277,-0.013773,-0.002416,0.0081293,-0.013773,-0.0021349,-0.013773,0.010593,-0.021594,0.0169,-0.013773,0.012452,-0.021594,-0.021594,0.0029941,0.023277,-0.0021349,0.0169,0.0029941,0.023725,0.023277,0.023277,-0.012713,0.010593,0.0081293,-0.002233,-0.0021349,0.0029941,-0.0021349,-0.002233,-0.012713,0.010593,-0.002233,-0.0021349,-0.0021349,0.0043921,0.0029941,0.0043921,-0.013773,0.0029941,-0.0072307,0.0081293,0.012452,0.010593,-0.002416,0.0169,0.010593,-0.013773,0.012452,0.0169,-0.0072307,-0.013773,-0.0021349,-0.0072307,-0.0072307,0.0029941,0.023277,-0.013773,-0.012713,-0.013773,-0.002233,0.0029941,0.0169,0.0029941,-0.002233,0.0043921,0.012452,0.0029941,-0.0072307,0.010593,-0.0021349,-0.0072307,0.012452,-0.0072307,-0.0021349,0.0169,-0.012713,0.023277,0.0029941,0.012452,-0.0021349,0.012452,0.0029941,0.023277,-0.0021349,0.010593,-0.002233,0.0081293,0.0081293,0.012452,-0.021594,0.0081293,-0.002416,0.023277,-0.0072307,-0.021594,-0.002416,-0.002233,-0.012713,0.0169,-0.021594,0.012452,-0.0072307,0.0081293,-0.021594,-0.012713,0.0081293,-0.0072307,-0.002416,-0.0072307,-0.012713,-0.002233,-0.0072307,-0.021594,0.023277,0.0043921,0.0029941,-0.013773,0.010593,-0.012713,-0.002233,-0.0021349,0.0043921,0.010593,0.0029941,0.023277,0.0081293,0.0043921,0.0043921,0.010593,0.0029941,-0.0021349,-0.013773,-0.002233,-0.002233,0.0081293,-0.013773,-0.021594,0.012452,0.010593,0.0029941,-0.002416,0.010593,0.0081293,0.0169,0.023277,-0.0021349,0.012452,0.0043921,0.0031734,-0.0072307,-0.012713,0.023725,0.0081293,0.012452,-0.013773,-0.002416,0.023277,0.0169,-0.0072307,0.023725,0.0081293,-0.0021349,0.010593,-0.0072307,-0.012713
0.021314,0.0086406,0.042694,0.039811,0.042694,0.0029155,0.046462,0.0086406,0.0029155,0.022463,0.021314,0.039811,0.023393,0.025547,0.0086406,0.057124,0.022463,0.057124,0.021314,0.046462,0.022463,0.064714,0.053085,0.039811,0.039811,0.0060479,0.023393,0.025547,0.046046,0.022463,0.053085,0.046046,0.0069363,0.046462,0.0060479,0.039811,0.046462,0.025547,0.039811,0.021314,0.039811,0.0086406,0.053085,0.022463,0.039811,0.0029155,0.053085,0.053085,0.0069363,0.0060479,0.021314,0.022463,0.0069363,0.023393,0.0060479,0.0060479,0.057124,0.0086406,0.025547,0.065883,0.021314,0.0069363,0.021314,0.065883,0.057124,0.0086406,0.065883,0.021314,0.021314,0.046046,0.0069363,0.046046,0.039811,0.0069363,0.042694,0.025547,0.0029155,0.0086406,0.046462,0.022463,0.0086406,0.039811,0.0029155,0.022463,0.042694,0.039811,0.021314,0.042694,0.042694,0.0069363,0.0060479,0.039811,0.057124,0.039811,0.065883,0.0069363,0.022463,0.0069363,0.065883,0.046046,0.0029155,0.0069363,0.042694,0.0086406,0.021314,0.042694,0.0029155,0.042694,0.021314,0.022463,0.057124,0.0060479,0.0069363,0.0029155,0.021314,0.0029155,0.0069363,0.0060479,0.021314,0.0086406,0.065883,0.025547,0.025547,0.0029155,0.053085,0.025547,0.046462,0.0060479,0.042694,0.053085,0.046462,0.065883,0.057124,0.022463,0.053085,0.0029155,0.042694,0.025547,0.053085,0.057124,0.025547,0.042694,0.046462,0.042694,0.057124,0.065883,0.042694,0.053085,0.0060479,0.046046,0.0069363,0.039811,0.0086406,0.057124,0.065883,0.021314,0.046046,0.0086406,0.0069363,0.0060479,0.025547,0.046046,0.046046,0.0086406,0.0069363,0.021314,0.039811,0.065883,0.065883,0.025547,0.039811,0.053085,0.0029155,0.0086406,0.0069363,0.046462,0.0086406,0.025547,0.022463,0.0060479,0.021314,0.0029155,0.046046,0.064714,0.042694,0.057124,0.023393,0.025547,0.0029155,0.039811,0.046462,0.0060479,0.022463,0.042694,0.023393,0.025547,0.021314,0.0086406,0.042694,0.057124
0.11892,0.019111,0.036806,0.089519,0.036806,0.050419,0.076856,0.019111,0.050419,0.1033,0.11892,0.089519,0.050012,0.07173,0.019111,0.093258,0.1033,0.093258,0.11892,0.076856,0.1033,0.079994,0.12817,0.089519,0.089519,0.0045322,0.050012,0.07173,0.032059,0.1033,0.12817,0.032059,0.067238,0.076856,0.0045322,0.089519,0.076856,0.07173,0.089519,0.11892,0.089519,0.019111,0.12817,0.1033,0.089519,0.050419,0.12817,0.12817,0.067238,0.0045322,0.11892,0.1033,0.067238,0.050012,0.0045322,0.0045322,0.093258,0.019111,0.07173,0.12955,0.11892,0.067238,0.11892,0.12955,0.093258,0.019111,0.12955,0.11892,0.11892,0.032059,0.067238,0.032059,0.089519,0.067238,0.036806,0.07173,0.050419,0.019111,0.076856,0.1033,0.019111,0.089519,0.050419,0.1033,0.036806,0.089519,0.11892,0.036806,0.036806,0.067238,0.0045322,0.089519,0.093258,0.089519,0.12955,0.067238,0.1033,0.067238,0.12955,0.032059,0.050419,0.067238,0.036806,0.019111,0.11892,0.036806,0.050419,0.036806,0.11892,0.1033,0.093258,0.0045322,0.067238,0.050419,0.11892,0.050419,0.067238,0.0045322,0.11892,0.019111,0.12955,0.07173,0.07173,0.050419,0.12817,0.07173,0.076856,0.0045322,0.036806,0.12817,0.076856,0.12955,0.093258,0.1033,0.12817,0.050419,0.036806,0.07173,0.12817,0.093258,0.07173,0.036806,0.076856,0.036806,0.093258,0.12955,0.036806,0.12817,0.0045322,0.032059,0.067238,0.089519,0.019111,0.093258,0.12955,0.11892,0.032059,0.019111,0.067238,0.0045322,0.07173,0.032059,0.032059,0.019111,0.067238,0.11892,0.089519,0.12955,0.12955,0.07173,0.089519,0.12817,0.050419,0.019111,0.067238,0.076856,0.019111,0.07173,0.1033,0.0045322,0.11892,0.050419,0.032059,0.079994,0.036806,0.093258,0.050012,0.07173,0.050419,0.089519,0.076856,0.0045322,0.1033,0.036806,0.050012,0.07173,0.11892,0.019111,0.036806,0.093258
-0.045957,-0.011792,-0.035431,-0.040773,-0.035431,-0.035577,-0.061166,-0.011792,-0.035577,-0.0566,-0.045957,-0.040773,-0.037849,-0.029096,-0.011792,-0.054587,-0.0566,-0.054587,-0.045957,-0.061166,-0.0566,-0.067194,-0.0555,-0.040773,-0.040773,-0.020529,-0.037849,-0.029096,-0.046746,-0.0566,-0.0555,-0.046746,-0.025357,-0.061166,-0.020529,-0.040773,-0.061166,-0.029096,-0.040773,-0.045957,-0.040773,-0.011792,-0.0555,-0.0566,-0.040773,-0.035577,-0.0555,-0.0555,-0.025357,-0.020529,-0.045957,-0.0566,-0.025357,-0.037849,-0.020529,-0.020529,-0.054587,-0.011792,-0.029096,-0.07448,-0.045957,-0.025357,-0.045957,-0.07448,-0.054587,-0.011792,-0.07448,-0.045957,-0.045957,-0.046746,-0.025357,-0.046746,-0.040773,-0.025357,-0.035431,-0.029096,-0.035577,-0.011792,-0.061166,-0.0566,-0.011792,-0.040773,-0.035577,-0.0566,-0.035431,-0.040773,-0.045957,-0.035431,-0.035431,-0.025357,-0.020529,-0.040773,-0.054587,-0.040773,-0.07448,-0.025357,-0.0566,-0.025357,-0.07448,-0.046746,-0.035577,-0.025357,-0.035431,-0.011792,-0.045957,-0.035431,-0.035577,-0.035431,-0.045957,-0.0566,-0.054587,-0.020529,-0.025357,-0.035577,-0.045957,-0.035577,-0.025357,-0.020529,-0.045957,-0.011792,-0.07448,-0.029096,-0.029096,-0.035577,-0.0555,-0.029096,-0.061166,-0.020529,-0.035431,-0.0555,-0.061166,-0.07448,-0.054587,-0.0566,-0.0555,-0.035577,-0.035431,-0.029096,-0.0555,-0.054587,-0.029096,-0.035431,-0.061166,-0.035431,-0.054587,-0.07448,-0.035431,-0.0555,-0.020529,-0.046746,-0.025357,-0.040773,-0.011792,-0.054587,-0.07448,-0.045957,-0.046746,-0.011792,-0.025357,-0.020529,-0.029096,-0.046746,-0.046746,-0.011792,-0.025357,-0.045957,-0.040773,-0.07448,-0.07448,-0.029096,-0.040773,-0.0555,-0.035577,-0.011792,-0.025357,-0.061166,-0.011792,-0.029096,-0.0566,-0.020529,-0.045957,-0.035577,-0.046746,-0.067194,-0.035431,-0.054587,-0.037849,-0.029096,-0.035577,-0.040773,-0.061166,-0.020529,-0.0566,-0.035431,-0.037849,-0.029096,-0.045957,-0.011792,-0.035431,-0.054587
0.00086252,0.0071337,0.024184,0.018343,0.024184,-0.013593,0.0056096,0.0071337,-0.013593,-0.011964,0.00086252,0.018343,-0.0075491,0.0052584,0.0071337,0.015824,-0.011964,0.015824,0.00086252,0.0056096,-0.011964,0.0087359,0.0097655,0.018343,0.018343,-0.0095494,-0.0075491,0.0052584,0.010753,-0.011964,0.0097655,0.010753,0.0025261,0.0056096,-0.0095494,0.018343,0.0056096,0.0052584,0.018343,0.00086252,0.018343,0.0071337,0.0097655,-0.011964,0.018343,-0.013593,0.0097655,0.0097655,0.0025261,-0.0095494,0.00086252,-0.011964,0.0025261,-0.0075491,-0.0095494,-0.0095494,0.015824,0.0071337,0.0052584,0.0028194,0.00086252,0.0025261,0.00086252,0.0028194,0.015824,0.0071337,0.0028194,0.00086252,0.00086252,0.010753,0.0025261,0.010753,0.018343,0.0025261,0.024184,0.0052584,-0.013593,0.0071337,0.0056096,-0.011964,0.0071337,0.018343,-0.013593,-0.011964,0.024184,0.018343,0.00086252,0.024184,0.024184,0.0025261,-0.0095494,0.018343,0.015824,0.018343,0.0028194,0.0025261,-0.011964,0.0025261,0.0028194,0.010753,-0.013593,0.0025261,0.024184,0.0071337,0.00086252,0.024184,-0.013593,0.024184,0.00086252,-0.011964,0.015824,-0.0095494,0.0025261,-0.013593,0.00086252,-0.013593,0.0025261,-0.0095494,0.00086252,0.0071337,0.0028194,0.0052584,0.0052584,-0.013593,0.0097655,0.0052584,0.0056096,-0.0095494,0.024184,0.0097655,0.0056096,0.0028194,0.015824,-0.011964,0.0097655,-0.013593,0.024184,0.0052584,0.0097655,0.015824,0.0052584,0.024184,0.0056096,0.024184,0.015824,0.0028194,0.024184,0.0097655,-0.0095494,0.010753,0.0025261,0.018343,0.0071337,0.015824,0.0028194,0.00086252,0.010753,0.0071337,0.0025261,-0.0095494,0.0052584,0.010753,0.010753,0.0071337,0.0025261,0.00086252,0.018343,0.0028194,0.0028194,0.0052584,0.018343,0.0097655,-0.013593,0.0071337,0.0025261,0.0056096,0.0071337,0.0052584,-0.011964,-0.0095494,0.00086252,-0.013593,0.010753,0.0087359,0.024184,0.015824,-0.0075491,0.0052584,-0.013593,0.018343,0.0056096,-0.0095494,-0.011964,0.024184,-0.0075491,0.0052584,0.00086252,0.0071337,0.024184,0.015824
0.0054329,0.0036026,-0.028145,-0.028204,-0.028145,0.021074,-0.012389,0.0036026,0.021074,0.018205,0.0054329,-0.028204,0.016614,0.0019752,0.0036026,-0.031145,0.018205,-0.031145,0.0054329,-0.012389,0.018205,-0.017879,-0.023134,-0.028204,-0.028204,0.022476,0.016614,0.0019752,-0.014527,0.018205,-0.023134,-0.014527,0.0074318,-0.012389,0.022476,-0.028204,-0.012389,0.0019752,-0.028204,0.0054329,-0.028204,0.0036026,-0.023134,0.018205,-0.028204,0.021074,-0.023134,-0.023134,0.0074318,0.022476,0.0054329,0.018205,0.0074318,0.016614,0.022476,0.022476,-0.031145,0.0036026,0.0019752,-0.014614,0.0054329,0.0074318,0.0054329,-0.014614,-0.031145,0.0036026,-0.014614,0.0054329,0.0054329,-0.014527,0.0074318,-0.014527,-0.028204,0.0074318,-0.028145,0.0019752,0.021074,0.0036026,-0.012389,0.018205,0.0036026,-0.028204,0.021074,0.018205,-0.028145,-0.028204,0.0054329,-0.028145,-0.028145,0.0074318,0.022476,-0.028204,-0.031145,-0.028204,-0.014614,0.0074318,0.018205,0.0074318,-0.014614,-0.014527,0.021074,0.0074318,-0.028145,0.0036026,0.0054329,-0.028145,0.021074,-0.028145,0.0054329,0.018205,-0.031145,0.022476,0.0074318,0.021074,0.0054329,0.021074,0.0074318,0.022476,0.0054329,0.0036026,-0.014614,0.0019752,0.0019752,0.021074,-0.023134,0.0019752,-0.012389,0.022476,-0.028145,-0.023134,-0.012389,-0.014614,-0.031145,0.018205,-0.023134,0.021074,-0.028145,0.0019752,-0.023134,-0.031145,0.0019752,-0.028145,-0.012389,-0.028145,-0.031145,-0.014614,-0.028145,-0.023134,0.022476,-0.014527,0.0074318,-0.028204,0.0036026,-0.031145,-0.014614,0.0054329,-0.014527,0.0036026,0.0074318,0.022476,0.0019752,-0.014527,-0.014527,0.0036026,0.0074318,0.0054329,-0.028204,-0.014614,-0.014614,0.0019752,-0.028204,-0.023134,0.021074,0.0036026,0.0074318,-0.012389,0.0036026,0.0019752,0.018205,0.022476,0.0054329,0.021074,-0.014527,-0.017879,-0.028145,-0.031145,0.016614,0.0019752,0.021074,-0.028204,-0.012389,0.022476,0.018205,-0.028145,0.016614,0.0019752,0.0054329,0.0036026,-0.028145,-0.031145
-0.066056,-0.017427,-0.025162,-0.035304,-0.025162,-0.033839,-0.043542,-0.017427,-0.033839,-0.070658,-0.066056,-0.035304,-0.051852,-0.048624,-0.017427,-0.050697,-0.070658,-0.050697,-0.066056,-0.043542,-0.070658,-0.066369,-0.061783,-0.035304,-0.035304,-0.023405,-0.051852,-0.048624,-0.037023,-0.070658,-0.061783,-0.037023,-0.033819,-0.043542,-0.023405,-0.035304,-0.043542,-0.048624,-0.035304,-0.066056,-0.035304,-0.017427,-0.061783,-0.070658,-0.035304,-0.033839,-0.061783,-0.061783,-0.033819,-0.023405,-0.066056,-0.070658,-0.033819,-0.051852,-0.023405,-0.023405,-0.050697,-0.017427,-0.048624,-0.072401,-0.066056,-0.033819,-0.066056,-0.072401,-0.050697,-0.017427,-0.072401,-0.066056,-0.066056,-0.037023,-0.033819,-0.037023,-0.035304,-0.033819,-0.025162,-0.048624,-0.033839,-0.017427,-0.043542,-0.070658,-0.017427,-0.035304,-0.033839,-0.070658,-0.025162,-0.035304,-0.066056,-0.025162,-0.025162,-0.033819,-0.023405,-0.035304,-0.050697,-0.035304,-0.072401,-0.033819,-0.070658,-0.033819,-0.072401,-0.037023,-0.033839,-0.033819,-0.025162,-0.017427,-0.066056,-0.025162,-0.033839,-0.025162,-0.066056,-0.070658,-0.050697,-0.023405,-0.033819,-0.033839,-0.066056,-0.033839,-0.033819,-0.023405,-0.066056,-0.017427,-0.072401,-0.048624,-0.048624,-0.033839,-0.061783,-0.048624,-0.043542,-0.023405,-0.025162,-0.061783,-0.043542,-0.072401,-0.050697,-0.070658,-0.061783,-0.033839,-0.025162,-0.048624,-0.061783,-0.050697,-0.048624,-0.025162,-0.043542,-0.025162,-0.050697,-0.072401,-0.025162,-0.061783,-0.023405,-0.037023,-0.033819,-0.035304,-0.017427,-0.050697,-0.072401,-0.066056,-0.037023,-0.017427,-0.033819,-0.023405,-0.048624,-0.037023,-0.037023,-0.017427,-0.033819,-0.066056,-0.035304,-0.072401,-0.072401,-0.048624,-0.035304,-0.061783,-0.033839,-0.017427,-0.033819,-0.043542,-0.017427,-0.048624,-0.070658,-0.023405,-0.066056,-0.033839,-0.037023,-0.066369,-0.025162,-0.050697,-0.051852,-0.048624,-0.033839,-0.035304,-0.043542,-0.023405,-0.070658,-0.025162,-0.051852,-0.048624,-0.066056,-0.017427,-0.025162,-0.050697
0.029629,0.0079905,0.0525,0.064247,0.0525,0.0071355,0.067899,0.0079905,0.0071355,0.028088,0.029629,0.064247,0.028163,0.029715,0.0079905,0.073822,0.028088,0.073822,0.029629,0.067899,0.028088,0.0895,0.06722,0.064247,0.064247,0.0048824,0.028163,0.029715,0.064583,0.028088,0.06722,0.064583,0.011176,0.067899,0.0048824,0.064247,0.067899,0.029715,0.064247,0.029629,0.064247,0.0079905,0.06722,0.028088,0.064247,0.0071355,0.06722,0.06722,0.011176,0.0048824,0.029629,0.028088,0.011176,0.028163,0.0048824,0.0048824,0.073822,0.0079905,0.029715,0.086764,0.029629,0.011176,0.029629,0.086764,0.073822,0.0079905,0.086764,0.029629,0.029629,0.064583,0.011176,0.064583,0.064247,0.011176,0.0525,0.029715,0.0071355,0.0079905,0.067899,0.028088,0.0079905,0.064247,0.0071355,0.028088,0.0525,0.064247,0.029629,0.0525,0.0525,0.011176,0.0048824,0.064247,0.073822,0.064247,0.086764,0.011176,0.028088,0.011176,0.086764,0.064583,0.0071355,0.011176,0.0525,0.0079905,0.029629,0.0525,0.0071355,0.0525,0.029629,0.028088,0.073822,0.0048824,0.011176,0.0071355,0.029629,0.0071355,0.011176,0.0048824,0.029629,0.0079905,0.086764,0.029715,0.029715,0.0071355,0.06722,0.029715,0.067899,0.0048824,0.0525,0.06722,0.067899,0.086764,0.073822,0.028088,0.06722,0.0071355,0.0525,0.029715,0.06722,0.073822,0.029715,0.0525,0.067899,0.0525,0.073822,0.086764,0.0525,0.06722,0.0048824,0.064583,0.011176,0.064247,0.0079905,0.073822,0.086764,0.029629,0.064583,0.0079905,0.011176,0.0048824,0.029715,0.064583,0.064583,0.0079905,0.011176,0.029629,0.064247,0.086764,0.086764,0.029715,0.064247,0.06722,0.0071355,0.0079905,0.011176,0.067899,0.0079905,0.029715,0.028088,0.0048824,0.029629,0.0071355,0.064583,0.0895,0.0525,0.073822,0.028163,0.029715,0.0071355,0.064247,0.067899,0.0048824,0.028088,0.0525,0.028163,0.029715,0.029629,0.0079905,0.0525,0.073822
0.008158,-0.0083526,-0.035557,-0.031166,-0.035557,-0.005728,-0.033003,-0.0083526,-0.005728,0.012728,0.008158,-0.031166,0.012135,0.0076485,-0.0083526,-0.018928,0.012728,-0.018928,0.008158,-0.033003,0.012728,-0.016361,-0.016784,-0.031166,-0.031166,-0.0045169,0.012135,0.0076485,-0.035893,0.012728,-0.016784,-0.035893,-0.0078189,-0.033003,-0.0045169,-0.031166,-0.033003,0.0076485,-0.031166,0.008158,-0.031166,-0.0083526,-0.016784,0.012728,-0.031166,-0.005728,-0.016784,-0.016784,-0.0078189,-0.0045169,0.008158,0.012728,-0.0078189,0.012135,-0.0045169,-0.0045169,-0.018928,-0.0083526,0.0076485,-0.014282,0.008158,-0.0078189,0.008158,-0.014282,-0.018928,-0.0083526,-0.014282,0.008158,0.008158,-0.035893,-0.0078189,-0.035893,-0.031166,-0.0078189,-0.035557,0.0076485,-0.005728,-0.0083526,-0.033003,0.012728,-0.0083526,-0.031166,-0.005728,0.012728,-0.035557,-0.031166,0.008158,-0.035557,-0.035557,-0.0078189,-0.0045169,-0.031166,-0.018928,-0.031166,-0.014282,-0.0078189,0.012728,-0.0078189,-0.014282,-0.035893,-0.005728,-0.0078189,-0.035557,-0.0083526,0.008158,-0.035557,-0.005728,-0.035557,0.008158,0.012728,-0.018928,-0.0045169,-0.0078189,-0.005728,0.008158,-0.005728,-0.0078189,-0.0045169,0.008158,-0.0083526,-0.014282,0.0076485,0.0076485,-0.005728,-0.016784,0.0076485,-0.033003,-0.0045169,-0.035557,-0.016784,-0.033003,-0.014282,-0.018928,0.012728,-0.016784,-0.005728,-0.035557,0.0076485,-0.016784,-0.018928,0.0076485,-0.035557,-0.033003,-0.035557,-0.018928,-0.014282,-0.035557,-0.016784,-0.0045169,-0.035893,-0.0078189,-0.031166,-0.0083526,-0.018928,-0.014282,0.008158,-0.035893,-0.0083526,-0.0078189,-0.0045169,0.0076485,-0.035893,-0.035893,-0.0083526,-0.0078189,0.008158,-0.031166,-0.014282,-0.014282,0.0076485,-0.031166,-0.016784,-0.005728,-0.0083526,-0.0078189,-0.033003,-0.0083526,0.0076485,0.012728,-0.0045169,0.008158,-0.005728,-0.035893,-0.016361,-0.035557,-0.018928,0.012135,0.0076485,-0.005728,-0.031166,-0.033003,-0.0045169,0.012728,-0.035557,0.012135,0.0076485,0.008158,-0.0083526,-0.035557,-0.018928
-0.045461,-0.011007,-0.033117,-0.051318,-0.033117,-0.010021,-0.036481,-0.011007,-0.010021,-0.030572,-0.045461,-0.051318,-0.011205,-0.032177,-0.011007,-0.05686,-0.030572,-0.05686,-0.045461,-0.036481,-0.030572,-0.040861,-0.0569,-0.051318,-0.051318,0.006685,-0.011205,-0.032177,-0.020269,-0.030572,-0.0569,-0.020269,-0.030311,-0.036481,0.006685,-0.051318,-0.036481,-0.032177,-0.051318,-0.045461,-0.051318,-0.011007,-0.0569,-0.030572,-0.051318,-0.010021,-0.0569,-0.0569,-0.030311,0.006685,-0.045461,-0.030572,-0.030311,-0.011205,0.006685,0.006685,-0.05686,-0.011007,-0.032177,-0.053845,-0.045461,-0.030311,-0.045461,-0.053845,-0.05686,-0.011007,-0.053845,-0.045461,-0.045461,-0.020269,-0.030311,-0.020269,-0.051318,-0.030311,-0.033117,-0.032177,-0.010021,-0.011007,-0.036481,-0.030572,-0.011007,-0.051318,-0.010021,-0.030572,-0.033117,-0.051318,-0.045461,-0.033117,-0.033117,-0.030311,0.006685,-0.051318,-0.05686,-0.051318,-0.053845,-0.030311,-0.030572,-0.030311,-0.053845,-0.020269,-0.010021,-0.030311,-0.033117,-0.011007,-0.045461,-0.033117,-0.010021,-0.033117,-0.045461,-0.030572,-0.05686,0.006685,-0.030311,-0.010021,-0.045461,-0.010021,-0.030311,0.006685,-0.045461,-0.011007,-0.053845,-0.032177,-0.032177,-0.010021,-0.0569,-0.032177,-0.036481,0.006685,-0.033117,-0.0569,-0.036481,-0.053845,-0.05686,-0.030572,-0.0569,-0.010021,-0.033117,-0.032177,-0.0569,-0.05686,-0.032177,-0.033117,-0.036481,-0.033117,-0.05686,-0.053845,-0.033117,-0.0569,0.006685,-0.020269,-0.030311,-0.051318,-0.011007,-0.05686,-0.053845,-0.045461,-0.020269,-0.011007,-0.030311,0.006685,-0.032177,-0.020269,-0.020269,-0.011007,-0.030311,-0.045461,-0.051318,-0.053845,-0.053845,-0.032177,-0.051318,-0.0569,-0.010021,-0.011007,-0.030311,-0.036481,-0.011007,-0.032177,-0.030572,0.006685,-0.045461,-0.010021,-0.020269,-0.040861,-0.033117,-0.05686,-0.011205,-0.032177,-0.010021,-0.051318,-0.036481,0.006685,-0.030572,-0.033117,-0.011205,-0.032177,-0.045461,-0.011007,-0.033117,-0.05686
